filenames,TSS_brix,Firmness,Titerabile acid percentage,Volume
10a.jpg,0.7059,0.3429,0.3438,0.3448
10b.jpg,0.7059,0.3429,0.3438,0.3448
10c.jpg,0.7059,0.3429,0.3438,0.3448
10d.jpg,0.7059,0.3429,0.3438,0.3448
10e.jpg,0.7059,0.3429,0.3438,0.3448
10f.jpg,0.7059,0.3429,0.3438,0.3448
10g.jpg,0.7059,0.3429,0.3438,0.3448
10h.jpg,0.7059,0.3429,0.3438,0.3448
10i.jpg,0.7059,0.3429,0.3438,0.3448
110a.jpg,0.1176,0.7857,0.3125,0.1034
110b.jpg,0.1176,0.7857,0.3125,0.1034
110c.jpg,0.1176,0.7857,0.3125,0.1034
110dd.jpg,0.1176,0.7857,0.3125,0.1034
110e.jpg,0.1176,0.7857,0.3125,0.1034
110g.jpg,0.1176,0.7857,0.3125,0.1034
110h.jpg,0.1176,0.7857,0.3125,0.1034
110l.jpg,0.1176,0.7857,0.3125,0.1034
110m.jpg,0.1176,0.7857,0.3125,0.1034
110n.jpg,0.1176,0.7857,0.3125,0.1034
111a.jpg,0.1176,0.9286,0.4062,0.1724
111b.jpg,0.1176,0.9286,0.4062,0.1724
111c.jpg,0.1176,0.9286,0.4062,0.1724
111d.jpg,0.1176,0.9286,0.4062,0.1724
111e.jpg,0.1176,0.9286,0.4062,0.1724
111f.jpg,0.1176,0.9286,0.4062,0.1724
111k.jpg,0.1176,0.9286,0.4062,0.1724
111m.jpg,0.1176,0.9286,0.4062,0.1724
111n.jpg,0.1176,0.9286,0.4062,0.1724
111p.jpg,0.1176,0.9286,0.4062,0.1724
112a.jpg,0.5882,0.8429,0.3438,0.2069
112b.jpg,0.5882,0.8429,0.3438,0.2069
112c.jpg,0.5882,0.8429,0.3438,0.2069
112d.jpg,0.5882,0.8429,0.3438,0.2069
112e.jpg,0.5882,0.8429,0.3438,0.2069
112f.jpg,0.5882,0.8429,0.3438,0.2069
112g.jpg,0.5882,0.8429,0.3438,0.2069
112h.jpg,0.5882,0.8429,0.3438,0.2069
112l.jpg,0.5882,0.8429,0.3438,0.2069
112m.jpg,0.5882,0.8429,0.3438,0.2069
113a.jpg,0.5882,0.7857,0.4062,0.3103
113b.jpg,0.5882,0.7857,0.4062,0.3103
113c.jpg,0.5882,0.7857,0.4062,0.3103
113d.jpg,0.5882,0.7857,0.4062,0.3103
113e.jpg,0.5882,0.7857,0.4062,0.3103
113f.jpg,0.5882,0.7857,0.4062,0.3103
113g.jpg,0.5882,0.7857,0.4062,0.3103
113h.jpg,0.5882,0.7857,0.4062,0.3103
113m.jpg,0.5882,0.7857,0.4062,0.3103
113n.jpg,0.5882,0.7857,0.4062,0.3103
114a.jpg,0.7059,0.5714,0.375,0.4483
114b.jpg,0.7059,0.5714,0.375,0.4483
114c.jpg,0.7059,0.5714,0.375,0.4483
114d.jpg,0.7059,0.5714,0.375,0.4483
114e.jpg,0.7059,0.5714,0.375,0.4483
114f.jpg,0.7059,0.5714,0.375,0.4483
114g.jpg,0.7059,0.5714,0.375,0.4483
114h.jpg,0.7059,0.5714,0.375,0.4483
114j.jpg,0.7059,0.5714,0.375,0.4483
114l.jpg,0.7059,0.5714,0.375,0.4483
115a.jpg,0.1176,0.5714,0.3438,0.1552
115b.jpg,0.1176,0.5714,0.3438,0.1552
115c.jpg,0.1176,0.5714,0.3438,0.1552
115d.jpg,0.1176,0.5714,0.3438,0.1552
115e.jpg,0.1176,0.5714,0.3438,0.1552
115f.jpg,0.1176,0.5714,0.3438,0.1552
115g.jpg,0.1176,0.5714,0.3438,0.1552
115h.jpg,0.1176,0.5714,0.3438,0.1552
115k.jpg,0.1176,0.5714,0.3438,0.1552
115l.jpg,0.1176,0.5714,0.3438,0.1552
115m.jpg,0.1176,0.5714,0.3438,0.1552
116a.jpg,0.5882,0.8143,0.2812,0.3103
116b.jpg,0.5882,0.8143,0.2812,0.3103
116d.jpg,0.5882,0.8143,0.2812,0.3103
116e.jpg,0.5882,0.8143,0.2812,0.3103
116f.jpg,0.5882,0.8143,0.2812,0.3103
116g.jpg,0.5882,0.8143,0.2812,0.3103
116h.jpg,0.5882,0.8143,0.2812,0.3103
116k.jpg,0.5882,0.8143,0.2812,0.3103
116l.jpg,0.5882,0.8143,0.2812,0.3103
116m.jpg,0.5882,0.8143,0.2812,0.3103
117a.jpg,0.1176,0.6429,0.375,0.3448
117b.jpg,0.1176,0.6429,0.375,0.3448
117c.jpg,0.1176,0.6429,0.375,0.3448
117d.jpg,0.1176,0.6429,0.375,0.3448
117e.jpg,0.1176,0.6429,0.375,0.3448
117f.jpg,0.1176,0.6429,0.375,0.3448
117g.jpg,0.1176,0.6429,0.375,0.3448
117h.jpg,0.1176,0.6429,0.375,0.3448
117m.jpg,0.1176,0.6429,0.375,0.3448
118a.jpg,0.3529,0.5714,0.5625,0.3966
118b.jpg,0.3529,0.5714,0.5625,0.3966
118c.jpg,0.3529,0.5714,0.5625,0.3966
118d.jpg,0.3529,0.5714,0.5625,0.3966
118e.jpg,0.3529,0.5714,0.5625,0.3966
118f.jpg,0.3529,0.5714,0.5625,0.3966
118g.jpg,0.3529,0.5714,0.5625,0.3966
118h.jpg,0.3529,0.5714,0.5625,0.3966
118l.jpg,0.3529,0.5714,0.5625,0.3966
118m.jpg,0.3529,0.5714,0.5625,0.3966
118n.jpg,0.3529,0.5714,0.5625,0.3966
119a.jpg,0.2353,0.7143,0.4375,0.4138
119aa.jpg,0.2353,0.7143,0.4375,0.4138
119b.jpg,0.2353,0.7143,0.4375,0.4138
119bb.jpg,0.2353,0.7143,0.4375,0.4138
119cc.jpg,0.2353,0.7143,0.4375,0.4138
119dd.jpg,0.2353,0.7143,0.4375,0.4138
119e.jpg,0.2353,0.7143,0.4375,0.4138
119f.jpg,0.2353,0.7143,0.4375,0.4138
119g.jpg,0.2353,0.7143,0.4375,0.4138
119h.jpg,0.2353,0.7143,0.4375,0.4138
119i.jpg,0.2353,0.7143,0.4375,0.4138
119k.jpg,0.2353,0.7143,0.4375,0.4138
119m.jpg,0.2353,0.7143,0.4375,0.4138
119n.jpg,0.2353,0.7143,0.4375,0.4138
119p.jpg,0.2353,0.7143,0.4375,0.4138
11a.jpg,0.7059,0.5714,0.375,0.5862
11b.jpg,0.7059,0.5714,0.375,0.5862
11c.jpg,0.7059,0.5714,0.375,0.5862
11d.jpg,0.7059,0.5714,0.375,0.5862
11e.jpg,0.7059,0.5714,0.375,0.5862
11g.jpg,0.7059,0.5714,0.375,0.5862
11h.jpg,0.7059,0.5714,0.375,0.5862
11k.jpg,0.7059,0.5714,0.375,0.5862
120a.jpg,0.2353,1.0,0.3438,0.1379
120b.jpg,0.2353,1.0,0.3438,0.1379
120c.jpg,0.2353,1.0,0.3438,0.1379
120d.jpg,0.2353,1.0,0.3438,0.1379
120e.jpg,0.2353,1.0,0.3438,0.1379
120f.jpg,0.2353,1.0,0.3438,0.1379
120g.jpg,0.2353,1.0,0.3438,0.1379
120h.jpg,0.2353,1.0,0.3438,0.1379
120k.jpg,0.2353,1.0,0.3438,0.1379
120kk.jpg,0.2353,1.0,0.3438,0.1379
120m.jpg,0.2353,1.0,0.3438,0.1379
120n.jpg,0.2353,1.0,0.3438,0.1379
121a.jpg,0.2353,0.5,0.4062,0.3103
121b.jpg,0.2353,0.5,0.4062,0.3103
121c.jpg,0.2353,0.5,0.4062,0.3103
121d.jpg,0.2353,0.5,0.4062,0.3103
121e.jpg,0.2353,0.5,0.4062,0.3103
121f.jpg,0.2353,0.5,0.4062,0.3103
121g.jpg,0.2353,0.5,0.4062,0.3103
121h.jpg,0.2353,0.5,0.4062,0.3103
121j.jpg,0.2353,0.5,0.4062,0.3103
121l.jpg,0.2353,0.5,0.4062,0.3103
121m.jpg,0.2353,0.5,0.4062,0.3103
121n.jpg,0.2353,0.5,0.4062,0.3103
122a.jpg,0.2353,0.7857,0.4062,0.4138
122b.jpg,0.2353,0.7857,0.4062,0.4138
122c.jpg,0.2353,0.7857,0.4062,0.4138
122d.jpg,0.2353,0.7857,0.4062,0.4138
122e.jpg,0.2353,0.7857,0.4062,0.4138
122f.jpg,0.2353,0.7857,0.4062,0.4138
122g.jpg,0.2353,0.7857,0.4062,0.4138
122h.jpg,0.2353,0.7857,0.4062,0.4138
122m.jpg,0.2353,0.7857,0.4062,0.4138
123a.jpg,0.2353,0.5,0.4062,0.5172
123b.jpg,0.2353,0.5,0.4062,0.5172
123c.jpg,0.2353,0.5,0.4062,0.5172
123d.jpg,0.2353,0.5,0.4062,0.5172
123e.jpg,0.2353,0.5,0.4062,0.5172
123f.jpg,0.2353,0.5,0.4062,0.5172
123g.jpg,0.2353,0.5,0.4062,0.5172
123h.jpg,0.2353,0.5,0.4062,0.5172
123k.jpg,0.2353,0.5,0.4062,0.5172
124a.jpg,0.4706,0.7143,0.4688,0.3793
124b.jpg,0.4706,0.7143,0.4688,0.3793
124c.jpg,0.4706,0.7143,0.4688,0.3793
124d.jpg,0.4706,0.7143,0.4688,0.3793
124e.jpg,0.4706,0.7143,0.4688,0.3793
124f.jpg,0.4706,0.7143,0.4688,0.3793
124g.jpg,0.4706,0.7143,0.4688,0.3793
124h.jpg,0.4706,0.7143,0.4688,0.3793
124j.jpg,0.4706,0.7143,0.4688,0.3793
124k.jpg,0.4706,0.7143,0.4688,0.3793
125a.jpg,0.2353,0.8571,0.375,0.3276
125b.jpg,0.2353,0.8571,0.375,0.3276
125c.jpg,0.2353,0.8571,0.375,0.3276
125d.jpg,0.2353,0.8571,0.375,0.3276
125e.jpg,0.2353,0.8571,0.375,0.3276
125f.jpg,0.2353,0.8571,0.375,0.3276
125g.jpg,0.2353,0.8571,0.375,0.3276
125h.jpg,0.2353,0.8571,0.375,0.3276
125j.jpg,0.2353,0.8571,0.375,0.3276
125l.jpg,0.2353,0.8571,0.375,0.3276
125m.jpg,0.2353,0.8571,0.375,0.3276
126a.jpg,0.3529,0.5714,0.4688,0.3448
126b.jpg,0.3529,0.5714,0.4688,0.3448
126c.jpg,0.3529,0.5714,0.4688,0.3448
126d.jpg,0.3529,0.5714,0.4688,0.3448
126e.jpg,0.3529,0.5714,0.4688,0.3448
126f.jpg,0.3529,0.5714,0.4688,0.3448
126j.jpg,0.3529,0.5714,0.4688,0.3448
126l.jpg,0.3529,0.5714,0.4688,0.3448
126m.jpg,0.3529,0.5714,0.4688,0.3448
126n.jpg,0.3529,0.5714,0.4688,0.3448
127a.jpg,0.2353,0.7143,0.4375,0.4138
127b.jpg,0.2353,0.7143,0.4375,0.4138
127c.jpg,0.2353,0.7143,0.4375,0.4138
127d.jpg,0.2353,0.7143,0.4375,0.4138
127e.jpg,0.2353,0.7143,0.4375,0.4138
127f.jpg,0.2353,0.7143,0.4375,0.4138
127g.jpg,0.2353,0.7143,0.4375,0.4138
127k.jpg,0.2353,0.7143,0.4375,0.4138
127kk.jpg,0.2353,0.7143,0.4375,0.4138
127l.jpg,0.2353,0.7143,0.4375,0.4138
127m.jpg,0.2353,0.7143,0.4375,0.4138
128a.jpg,0.3529,0.9286,0.375,0.1724
128b.jpg,0.3529,0.9286,0.375,0.1724
128c.jpg,0.3529,0.9286,0.375,0.1724
128k.jpg,0.3529,0.9286,0.375,0.1724
128l.jpg,0.3529,0.9286,0.375,0.1724
128m.jpg,0.3529,0.9286,0.375,0.1724
128n.jpg,0.3529,0.9286,0.375,0.1724
128p.jpg,0.3529,0.9286,0.375,0.1724
129a.jpg,0.3529,0.5714,0.2812,0.3103
129b.jpg,0.3529,0.5714,0.2812,0.3103
129c.jpg,0.3529,0.5714,0.2812,0.3103
129cc.jpg,0.3529,0.5714,0.2812,0.3103
129e.jpg,0.3529,0.5714,0.2812,0.3103
129f.jpg,0.3529,0.5714,0.2812,0.3103
129g.jpg,0.3529,0.5714,0.2812,0.3103
129k.jpg,0.3529,0.5714,0.2812,0.3103
129m.jpg,0.3529,0.5714,0.2812,0.3103
129n.jpg,0.3529,0.5714,0.2812,0.3103
129p.jpg,0.3529,0.5714,0.2812,0.3103
12a.jpg,0.4706,0.2857,0.2812,0.1379
12b.jpg,0.4706,0.2857,0.2812,0.1379
12c.jpg,0.4706,0.2857,0.2812,0.1379
12d.jpg,0.4706,0.2857,0.2812,0.1379
12e.jpg,0.4706,0.2857,0.2812,0.1379
12f.jpg,0.4706,0.2857,0.2812,0.1379
12g.jpg,0.4706,0.2857,0.2812,0.1379
12h.jpg,0.4706,0.2857,0.2812,0.1379
12m.jpg,0.4706,0.2857,0.2812,0.1379
130a.jpg,0.3529,0.7857,0.5,0.3448
130b.jpg,0.3529,0.7857,0.5,0.3448
130c.jpg,0.3529,0.7857,0.5,0.3448
130d.jpg,0.3529,0.7857,0.5,0.3448
130e.jpg,0.3529,0.7857,0.5,0.3448
130f.jpg,0.3529,0.7857,0.5,0.3448
130g.jpg,0.3529,0.7857,0.5,0.3448
130h.jpg,0.3529,0.7857,0.5,0.3448
130j.jpg,0.3529,0.7857,0.5,0.3448
131a.jpg,0.4706,0.3571,0.4375,0.1034
131b.jpg,0.4706,0.3571,0.4375,0.1034
131c.jpg,0.4706,0.3571,0.4375,0.1034
131d.jpg,0.4706,0.3571,0.4375,0.1034
131e.jpg,0.4706,0.3571,0.4375,0.1034
131f.jpg,0.4706,0.3571,0.4375,0.1034
131g.jpg,0.4706,0.3571,0.4375,0.1034
131h.jpg,0.4706,0.3571,0.4375,0.1034
131j.jpg,0.4706,0.3571,0.4375,0.1034
131k.jpg,0.4706,0.3571,0.4375,0.1034
131m.jpg,0.4706,0.3571,0.4375,0.1034
132a.jpg,0.2353,0.8143,0.3438,0.3103
132b.jpg,0.2353,0.8143,0.3438,0.3103
132c.jpg,0.2353,0.8143,0.3438,0.3103
132d.jpg,0.2353,0.8143,0.3438,0.3103
132e.jpg,0.2353,0.8143,0.3438,0.3103
132f.jpg,0.2353,0.8143,0.3438,0.3103
132g.jpg,0.2353,0.8143,0.3438,0.3103
132h.jpg,0.2353,0.8143,0.3438,0.3103
132i.jpg,0.2353,0.8143,0.3438,0.3103
133a.jpg,0.4706,0.9,0.3438,0.2759
133b.jpg,0.4706,0.9,0.3438,0.2759
133c.jpg,0.4706,0.9,0.3438,0.2759
133d.jpg,0.4706,0.9,0.3438,0.2759
133e.jpg,0.4706,0.9,0.3438,0.2759
133f.jpg,0.4706,0.9,0.3438,0.2759
133g.jpg,0.4706,0.9,0.3438,0.2759
133h.jpg,0.4706,0.9,0.3438,0.2759
133j.jpg,0.4706,0.9,0.3438,0.2759
133k.jpg,0.4706,0.9,0.3438,0.2759
133m.jpg,0.4706,0.9,0.3438,0.2759
134a.jpg,0.2353,0.9,0.625,0.2759
134b.jpg,0.2353,0.9,0.625,0.2759
134c.jpg,0.2353,0.9,0.625,0.2759
134d.jpg,0.2353,0.9,0.625,0.2759
134e.jpg,0.2353,0.9,0.625,0.2759
134f.jpg,0.2353,0.9,0.625,0.2759
134k.jpg,0.2353,0.9,0.625,0.2759
134m.jpg,0.2353,0.9,0.625,0.2759
134r.jpg,0.2353,0.9,0.625,0.2759
135a.jpg,0.2353,0.9,0.4375,0.3103
135b.jpg,0.2353,0.9,0.4375,0.3103
135c.jpg,0.2353,0.9,0.4375,0.3103
135d.jpg,0.2353,0.9,0.4375,0.3103
135e.jpg,0.2353,0.9,0.4375,0.3103
135f.jpg,0.2353,0.9,0.4375,0.3103
135g.jpg,0.2353,0.9,0.4375,0.3103
135h.jpg,0.2353,0.9,0.4375,0.3103
135l.jpg,0.2353,0.9,0.4375,0.3103
135m.jpg,0.2353,0.9,0.4375,0.3103
136a.jpg,0.5882,0.7143,0.4062,0.2241
136b.jpg,0.5882,0.7143,0.4062,0.2241
136c.jpg,0.5882,0.7143,0.4062,0.2241
136d.jpg,0.5882,0.7143,0.4062,0.2241
136e.jpg,0.5882,0.7143,0.4062,0.2241
136f.jpg,0.5882,0.7143,0.4062,0.2241
136g.jpg,0.5882,0.7143,0.4062,0.2241
136h.jpg,0.5882,0.7143,0.4062,0.2241
136m.jpg,0.5882,0.7143,0.4062,0.2241
136n.jpg,0.5882,0.7143,0.4062,0.2241
137a.jpg,0.5882,0.8429,0.3125,0.1379
137b.jpg,0.5882,0.8429,0.3125,0.1379
137c.jpg,0.5882,0.8429,0.3125,0.1379
137d.jpg,0.5882,0.8429,0.3125,0.1379
137e.jpg,0.5882,0.8429,0.3125,0.1379
137f.jpg,0.5882,0.8429,0.3125,0.1379
137g.jpg,0.5882,0.8429,0.3125,0.1379
137h.jpg,0.5882,0.8429,0.3125,0.1379
137k.jpg,0.5882,0.8429,0.3125,0.1379
137m.jpg,0.5882,0.8429,0.3125,0.1379
13a.jpg,0.5882,0.5,0.3438,0.2759
13b.jpg,0.5882,0.5,0.3438,0.2759
13c.jpg,0.5882,0.5,0.3438,0.2759
13d.jpg,0.5882,0.5,0.3438,0.2759
13e.jpg,0.5882,0.5,0.3438,0.2759
13f.jpg,0.5882,0.5,0.3438,0.2759
13g.jpg,0.5882,0.5,0.3438,0.2759
13h.jpg,0.5882,0.5,0.3438,0.2759
13k.jpg,0.5882,0.5,0.3438,0.2759
140a.jpg,0.5882,0.8571,0.3438,0.2759
140b.jpg,0.5882,0.8571,0.3438,0.2759
140c.jpg,0.5882,0.8571,0.3438,0.2759
140d.jpg,0.5882,0.8571,0.3438,0.2759
140e.jpg,0.5882,0.8571,0.3438,0.2759
140g.jpg,0.5882,0.8571,0.3438,0.2759
140h.jpg,0.5882,0.8571,0.3438,0.2759
140k.jpg,0.5882,0.8571,0.3438,0.2759
140l.jpg,0.5882,0.8571,0.3438,0.2759
140m.jpg,0.5882,0.8571,0.3438,0.2759
140n.jpg,0.5882,0.8571,0.3438,0.2759
141a.jpg,0.5882,0.4857,0.3125,0.4828
141b.jpg,0.5882,0.4857,0.3125,0.4828
141c.jpg,0.5882,0.4857,0.3125,0.4828
141d.jpg,0.5882,0.4857,0.3125,0.4828
141e.jpg,0.5882,0.4857,0.3125,0.4828
141f.jpg,0.5882,0.4857,0.3125,0.4828
141g.jpg,0.5882,0.4857,0.3125,0.4828
141h.jpg,0.5882,0.4857,0.3125,0.4828
141m.jpg,0.5882,0.4857,0.3125,0.4828
141n.jpg,0.5882,0.4857,0.3125,0.4828
141o.jpg,0.5882,0.4857,0.3125,0.4828
141p.jpg,0.5882,0.4857,0.3125,0.4828
141r.jpg,0.5882,0.4857,0.3125,0.4828
141rs.jpg,0.5882,0.4857,0.3125,0.4828
142a.jpg,0.7059,0.8,0.4062,0.3103
142b.jpg,0.7059,0.8,0.4062,0.3103
142c.jpg,0.7059,0.8,0.4062,0.3103
142e.jpg,0.7059,0.8,0.4062,0.3103
142f.jpg,0.7059,0.8,0.4062,0.3103
142g.jpg,0.7059,0.8,0.4062,0.3103
142h.jpg,0.7059,0.8,0.4062,0.3103
142l.jpg,0.7059,0.8,0.4062,0.3103
142m.jpg,0.7059,0.8,0.4062,0.3103
143a.jpg,0.4706,0.8,0.5312,0.1379
143b.jpg,0.4706,0.8,0.5312,0.1379
143c.jpg,0.4706,0.8,0.5312,0.1379
143d.jpg,0.4706,0.8,0.5312,0.1379
143e.jpg,0.4706,0.8,0.5312,0.1379
143f.jpg,0.4706,0.8,0.5312,0.1379
143g.jpg,0.4706,0.8,0.5312,0.1379
143h.jpg,0.4706,0.8,0.5312,0.1379
143k.jpg,0.4706,0.8,0.5312,0.1379
143l.jpg,0.4706,0.8,0.5312,0.1379
143m.jpg,0.4706,0.8,0.5312,0.1379
143n.jpg,0.4706,0.8,0.5312,0.1379
144a.jpg,0.5882,0.4571,0.5,0.3103
144b.jpg,0.5882,0.4571,0.5,0.3103
144c.jpg,0.5882,0.4571,0.5,0.3103
144d.jpg,0.5882,0.4571,0.5,0.3103
144e.jpg,0.5882,0.4571,0.5,0.3103
144f.jpg,0.5882,0.4571,0.5,0.3103
144k.jpg,0.5882,0.4571,0.5,0.3103
144m.jpg,0.5882,0.4571,0.5,0.3103
145a.jpg,0.5882,0.5571,0.4062,0.1379
145b.jpg,0.5882,0.5571,0.4062,0.1379
145c.jpg,0.5882,0.5571,0.4062,0.1379
145d.jpg,0.5882,0.5571,0.4062,0.1379
145e.jpg,0.5882,0.5571,0.4062,0.1379
145f.jpg,0.5882,0.5571,0.4062,0.1379
145g.jpg,0.5882,0.5571,0.4062,0.1379
145h.jpg,0.5882,0.5571,0.4062,0.1379
145m.jpg,0.5882,0.5571,0.4062,0.1379
145n.jpg,0.5882,0.5571,0.4062,0.1379
146a.jpg,0.5882,0.8571,0.3438,0.4483
146b.jpg,0.5882,0.8571,0.3438,0.4483
146d.jpg,0.5882,0.8571,0.3438,0.4483
146e.jpg,0.5882,0.8571,0.3438,0.4483
146f.jpg,0.5882,0.8571,0.3438,0.4483
146g.jpg,0.5882,0.8571,0.3438,0.4483
146k.jpg,0.5882,0.8571,0.3438,0.4483
146m.jpg,0.5882,0.8571,0.3438,0.4483
146n.jpg,0.5882,0.8571,0.3438,0.4483
147a.jpg,0.5882,0.4286,0.375,0.4483
147b.jpg,0.5882,0.4286,0.375,0.4483
147c.jpg,0.5882,0.4286,0.375,0.4483
147d.jpg,0.5882,0.4286,0.375,0.4483
147e.jpg,0.5882,0.4286,0.375,0.4483
147f.jpg,0.5882,0.4286,0.375,0.4483
147g.jpg,0.5882,0.4286,0.375,0.4483
147h.jpg,0.5882,0.4286,0.375,0.4483
147j.jpg,0.5882,0.4286,0.375,0.4483
148a.jpg,0.2353,0.6143,0.3438,0.3448
148b.jpg,0.2353,0.6143,0.3438,0.3448
148c.jpg,0.2353,0.6143,0.3438,0.3448
148d.jpg,0.2353,0.6143,0.3438,0.3448
148e.jpg,0.2353,0.6143,0.3438,0.3448
148f.jpg,0.2353,0.6143,0.3438,0.3448
148g.jpg,0.2353,0.6143,0.3438,0.3448
148k.jpg,0.2353,0.6143,0.3438,0.3448
148m.jpg,0.2353,0.6143,0.3438,0.3448
149a.jpg,0.7059,0.9,0.3125,0.1379
149b.jpg,0.7059,0.9,0.3125,0.1379
149c.jpg,0.7059,0.9,0.3125,0.1379
149d.jpg,0.7059,0.9,0.3125,0.1379
149e.jpg,0.7059,0.9,0.3125,0.1379
149f.jpg,0.7059,0.9,0.3125,0.1379
149g.jpg,0.7059,0.9,0.3125,0.1379
149h.jpg,0.7059,0.9,0.3125,0.1379
149k.jpg,0.7059,0.9,0.3125,0.1379
149m.jpg,0.7059,0.9,0.3125,0.1379
14a.jpg,0.5882,0.7,0.1562,0.069
14b.jpg,0.5882,0.7,0.1562,0.069
14c.jpg,0.5882,0.7,0.1562,0.069
14d.jpg,0.5882,0.7,0.1562,0.069
14g.jpg,0.5882,0.7,0.1562,0.069
14h.jpg,0.5882,0.7,0.1562,0.069
14k.jpg,0.5882,0.7,0.1562,0.069
14l.jpg,0.5882,0.7,0.1562,0.069
14m.jpg,0.5882,0.7,0.1562,0.069
150a.jpg,0.7059,0.9,0.375,0.1379
150b.jpg,0.7059,0.9,0.375,0.1379
150c.jpg,0.7059,0.9,0.375,0.1379
150d.jpg,0.7059,0.9,0.375,0.1379
150e.jpg,0.7059,0.9,0.375,0.1379
150f.jpg,0.7059,0.9,0.375,0.1379
150g.jpg,0.7059,0.9,0.375,0.1379
150h.jpg,0.7059,0.9,0.375,0.1379
150k.jpg,0.7059,0.9,0.375,0.1379
150m.jpg,0.7059,0.9,0.375,0.1379
151a.jpg,0.9412,0.4714,0.375,0.3448
151b.jpg,0.9412,0.4714,0.375,0.3448
151c.jpg,0.9412,0.4714,0.375,0.3448
151d.jpg,0.9412,0.4714,0.375,0.3448
151g.jpg,0.9412,0.4714,0.375,0.3448
151h.jpg,0.9412,0.4714,0.375,0.3448
151k.jpg,0.9412,0.4714,0.375,0.3448
151kk.jpg,0.9412,0.4714,0.375,0.3448
151l.jpg,0.9412,0.4714,0.375,0.3448
151m.jpg,0.9412,0.4714,0.375,0.3448
151n.jpg,0.9412,0.4714,0.375,0.3448
152a.jpg,0.7059,0.3143,0.5625,0.4655
152b.jpg,0.7059,0.3143,0.5625,0.4655
152c.jpg,0.7059,0.3143,0.5625,0.4655
152d.jpg,0.7059,0.3143,0.5625,0.4655
152e.jpg,0.7059,0.3143,0.5625,0.4655
152f.jpg,0.7059,0.3143,0.5625,0.4655
152g.jpg,0.7059,0.3143,0.5625,0.4655
152h.jpg,0.7059,0.3143,0.5625,0.4655
152m.jpg,0.7059,0.3143,0.5625,0.4655
152n.jpg,0.7059,0.3143,0.5625,0.4655
153a.jpg,0.7059,0.6714,0.3438,0.3966
153b.jpg,0.7059,0.6714,0.3438,0.3966
153bb.jpg,0.7059,0.6714,0.3438,0.3966
153d.jpg,0.7059,0.6714,0.3438,0.3966
153ee.jpg,0.7059,0.6714,0.3438,0.3966
153ff.jpg,0.7059,0.6714,0.3438,0.3966
153g.jpg,0.7059,0.6714,0.3438,0.3966
153h.jpg,0.7059,0.6714,0.3438,0.3966
153k.jpg,0.7059,0.6714,0.3438,0.3966
154a.jpg,0.1176,0.9,0.4688,0.1724
154b.jpg,0.1176,0.9,0.4688,0.1724
154c.jpg,0.1176,0.9,0.4688,0.1724
154d.jpg,0.1176,0.9,0.4688,0.1724
154e.jpg,0.1176,0.9,0.4688,0.1724
154f.jpg,0.1176,0.9,0.4688,0.1724
154g.jpg,0.1176,0.9,0.4688,0.1724
154h.jpg,0.1176,0.9,0.4688,0.1724
154k.jpg,0.1176,0.9,0.4688,0.1724
154l.jpg,0.1176,0.9,0.4688,0.1724
155a.jpg,0.4706,0.7857,0.5,0.3103
155b.jpg,0.4706,0.7857,0.5,0.3103
155c.jpg,0.4706,0.7857,0.5,0.3103
155d.jpg,0.4706,0.7857,0.5,0.3103
155e.jpg,0.4706,0.7857,0.5,0.3103
155f.jpg,0.4706,0.7857,0.5,0.3103
155g.jpg,0.4706,0.7857,0.5,0.3103
155h.jpg,0.4706,0.7857,0.5,0.3103
155k.jpg,0.4706,0.7857,0.5,0.3103
155m.jpg,0.4706,0.7857,0.5,0.3103
155n.jpg,0.4706,0.7857,0.5,0.3103
156a.jpg,0.4706,0.9,0.5,0.3276
156b.jpg,0.4706,0.9,0.5,0.3276
156c.jpg,0.4706,0.9,0.5,0.3276
156e.jpg,0.4706,0.9,0.5,0.3276
156g.jpg,0.4706,0.9,0.5,0.3276
156h.jpg,0.4706,0.9,0.5,0.3276
156k.jpg,0.4706,0.9,0.5,0.3276
156l.jpg,0.4706,0.9,0.5,0.3276
156m.jpg,0.4706,0.9,0.5,0.3276
156n.jpg,0.4706,0.9,0.5,0.3276
157a.jpg,0.7059,0.6714,0.4062,0.3966
157b.jpg,0.7059,0.6714,0.4062,0.3966
157c.jpg,0.7059,0.6714,0.4062,0.3966
157d.jpg,0.7059,0.6714,0.4062,0.3966
157e.jpg,0.7059,0.6714,0.4062,0.3966
157f.jpg,0.7059,0.6714,0.4062,0.3966
157g.jpg,0.7059,0.6714,0.4062,0.3966
157h.jpg,0.7059,0.6714,0.4062,0.3966
157m.jpg,0.7059,0.6714,0.4062,0.3966
157n.jpg,0.7059,0.6714,0.4062,0.3966
158a.jpg,0.3529,0.7857,0.4062,0.3103
158b.jpg,0.3529,0.7857,0.4062,0.3103
158c.jpg,0.3529,0.7857,0.4062,0.3103
158d.jpg,0.3529,0.7857,0.4062,0.3103
158e.jpg,0.3529,0.7857,0.4062,0.3103
158f.jpg,0.3529,0.7857,0.4062,0.3103
158g.jpg,0.3529,0.7857,0.4062,0.3103
158h.jpg,0.3529,0.7857,0.4062,0.3103
158m.jpg,0.3529,0.7857,0.4062,0.3103
159a.jpg,0.4706,0.9,0.375,0.2069
159b.jpg,0.4706,0.9,0.375,0.2069
159c.jpg,0.4706,0.9,0.375,0.2069
159d.jpg,0.4706,0.9,0.375,0.2069
159f.jpg,0.4706,0.9,0.375,0.2069
159h.jpg,0.4706,0.9,0.375,0.2069
159k.jpg,0.4706,0.9,0.375,0.2069
159l.jpg,0.4706,0.9,0.375,0.2069
159m.jpg,0.4706,0.9,0.375,0.2069
160a.jpg,0.0,0.8571,0.625,0.2069
160b.jpg,0.0,0.8571,0.625,0.2069
160c.jpg,0.0,0.8571,0.625,0.2069
160d.jpg,0.0,0.8571,0.625,0.2069
160e.jpg,0.0,0.8571,0.625,0.2069
160f.jpg,0.0,0.8571,0.625,0.2069
160g.jpg,0.0,0.8571,0.625,0.2069
160h.jpg,0.0,0.8571,0.625,0.2069
160k.jpg,0.0,0.8571,0.625,0.2069
161a.jpg,0.4706,0.6714,0.2187,0.1552
161b.jpg,0.4706,0.6714,0.2187,0.1552
161c.jpg,0.4706,0.6714,0.2187,0.1552
161d.jpg,0.4706,0.6714,0.2187,0.1552
161e.jpg,0.4706,0.6714,0.2187,0.1552
161f.jpg,0.4706,0.6714,0.2187,0.1552
161g.jpg,0.4706,0.6714,0.2187,0.1552
161k.jpg,0.4706,0.6714,0.2187,0.1552
161l.jpg,0.4706,0.6714,0.2187,0.1552
161m.jpg,0.4706,0.6714,0.2187,0.1552
161n.jpg,0.4706,0.6714,0.2187,0.1552
162a.jpg,0.7059,0.9,0.25,0.3448
162b.jpg,0.7059,0.9,0.25,0.3448
162c.jpg,0.7059,0.9,0.25,0.3448
162d.jpg,0.7059,0.9,0.25,0.3448
162e.jpg,0.7059,0.9,0.25,0.3448
162f.jpg,0.7059,0.9,0.25,0.3448
162g.jpg,0.7059,0.9,0.25,0.3448
162h.jpg,0.7059,0.9,0.25,0.3448
162k.jpg,0.7059,0.9,0.25,0.3448
162m.jpg,0.7059,0.9,0.25,0.3448
163a.jpg,0.5882,0.9,0.7187,0.1379
163b.jpg,0.5882,0.9,0.7187,0.1379
163c.jpg,0.5882,0.9,0.7187,0.1379
163e.jpg,0.5882,0.9,0.7187,0.1379
163f.jpg,0.5882,0.9,0.7187,0.1379
163g.jpg,0.5882,0.9,0.7187,0.1379
163h.jpg,0.5882,0.9,0.7187,0.1379
163m.jpg,0.5882,0.9,0.7187,0.1379
163n.jpg,0.5882,0.9,0.7187,0.1379
164a.jpg,0.2353,0.9,0.375,0.2241
164b.jpg,0.2353,0.9,0.375,0.2241
164c.jpg,0.2353,0.9,0.375,0.2241
164e.jpg,0.2353,0.9,0.375,0.2241
164f.jpg,0.2353,0.9,0.375,0.2241
164g.jpg,0.2353,0.9,0.375,0.2241
164h.jpg,0.2353,0.9,0.375,0.2241
164k.jpg,0.2353,0.9,0.375,0.2241
164m.jpg,0.2353,0.9,0.375,0.2241
164n.jpg,0.2353,0.9,0.375,0.2241
165a.jpg,0.5882,0.2857,0.4062,0.3793
165b.jpg,0.5882,0.2857,0.4062,0.3793
165c.jpg,0.5882,0.2857,0.4062,0.3793
165d.jpg,0.5882,0.2857,0.4062,0.3793
165e.jpg,0.5882,0.2857,0.4062,0.3793
165f.jpg,0.5882,0.2857,0.4062,0.3793
165g.jpg,0.5882,0.2857,0.4062,0.3793
165h.jpg,0.5882,0.2857,0.4062,0.3793
165m.jpg,0.5882,0.2857,0.4062,0.3793
165n.jpg,0.5882,0.2857,0.4062,0.3793
166a.jpg,0.9412,0.3857,0.5,0.5345
166b.jpg,0.9412,0.3857,0.5,0.5345
166c.jpg,0.9412,0.3857,0.5,0.5345
166d.jpg,0.9412,0.3857,0.5,0.5345
166e.jpg,0.9412,0.3857,0.5,0.5345
166f.jpg,0.9412,0.3857,0.5,0.5345
166g.jpg,0.9412,0.3857,0.5,0.5345
166h.jpg,0.9412,0.3857,0.5,0.5345
166j.jpg,0.9412,0.3857,0.5,0.5345
166m.jpg,0.9412,0.3857,0.5,0.5345
166n.jpg,0.9412,0.3857,0.5,0.5345
167a.jpg,0.7059,0.5429,0.4375,0.3103
167b.jpg,0.7059,0.5429,0.4375,0.3103
167c.jpg,0.7059,0.5429,0.4375,0.3103
167d.jpg,0.7059,0.5429,0.4375,0.3103
167e.jpg,0.7059,0.5429,0.4375,0.3103
167f.jpg,0.7059,0.5429,0.4375,0.3103
167g.jpg,0.7059,0.5429,0.4375,0.3103
167h.jpg,0.7059,0.5429,0.4375,0.3103
167j.jpg,0.7059,0.5429,0.4375,0.3103
167m.jpg,0.7059,0.5429,0.4375,0.3103
167n.jpg,0.7059,0.5429,0.4375,0.3103
168a.jpg,0.7059,0.4857,0.1562,0.4828
168aa.jpg,0.7059,0.4857,0.1562,0.4828
168b.jpg,0.7059,0.4857,0.1562,0.4828
168c.jpg,0.7059,0.4857,0.1562,0.4828
168d.jpg,0.7059,0.4857,0.1562,0.4828
168e.jpg,0.7059,0.4857,0.1562,0.4828
168h.jpg,0.7059,0.4857,0.1562,0.4828
168k.jpg,0.7059,0.4857,0.1562,0.4828
168m.jpg,0.7059,0.4857,0.1562,0.4828
168n.jpg,0.7059,0.4857,0.1562,0.4828
169a.jpg,0.5882,0.9,0.4062,0.3966
169b.jpg,0.5882,0.9,0.4062,0.3966
169c.jpg,0.5882,0.9,0.4062,0.3966
169e.jpg,0.5882,0.9,0.4062,0.3966
169g.jpg,0.5882,0.9,0.4062,0.3966
169h.jpg,0.5882,0.9,0.4062,0.3966
169j.jpg,0.5882,0.9,0.4062,0.3966
169jj.jpg,0.5882,0.9,0.4062,0.3966
169k.jpg,0.5882,0.9,0.4062,0.3966
169ll.jpg,0.5882,0.9,0.4062,0.3966
169m.jpg,0.5882,0.9,0.4062,0.3966
169n.jpg,0.5882,0.9,0.4062,0.3966
16a.jpg,0.5882,0.6286,0.4375,0.4138
16b.jpg,0.5882,0.6286,0.4375,0.4138
16c.jpg,0.5882,0.6286,0.4375,0.4138
16d.jpg,0.5882,0.6286,0.4375,0.4138
16e.jpg,0.5882,0.6286,0.4375,0.4138
16f.jpg,0.5882,0.6286,0.4375,0.4138
16g.jpg,0.5882,0.6286,0.4375,0.4138
16h.jpg,0.5882,0.6286,0.4375,0.4138
16j.jpg,0.5882,0.6286,0.4375,0.4138
16k.jpg,0.5882,0.6286,0.4375,0.4138
16l.jpg,0.5882,0.6286,0.4375,0.4138
16m.jpg,0.5882,0.6286,0.4375,0.4138
170a.jpg,0.8235,0.7857,0.5,0.2241
170b.jpg,0.8235,0.7857,0.5,0.2241
170c.jpg,0.8235,0.7857,0.5,0.2241
170d.jpg,0.8235,0.7857,0.5,0.2241
170e.jpg,0.8235,0.7857,0.5,0.2241
170f.jpg,0.8235,0.7857,0.5,0.2241
170g.jpg,0.8235,0.7857,0.5,0.2241
170h.jpg,0.8235,0.7857,0.5,0.2241
170m.jpg,0.8235,0.7857,0.5,0.2241
171a.jpg,0.7059,0.7857,0.3438,0.4483
171b.jpg,0.7059,0.7857,0.3438,0.4483
171c.jpg,0.7059,0.7857,0.3438,0.4483
171d.jpg,0.7059,0.7857,0.3438,0.4483
171e.jpg,0.7059,0.7857,0.3438,0.4483
171f.jpg,0.7059,0.7857,0.3438,0.4483
171g.jpg,0.7059,0.7857,0.3438,0.4483
171h.jpg,0.7059,0.7857,0.3438,0.4483
171j.jpg,0.7059,0.7857,0.3438,0.4483
172a.jpg,0.3529,0.5143,0.3438,0.0517
172b.jpg,0.3529,0.5143,0.3438,0.0517
172cc.jpg,0.3529,0.5143,0.3438,0.0517
172d.jpg,0.3529,0.5143,0.3438,0.0517
172e.jpg,0.3529,0.5143,0.3438,0.0517
172f.jpg,0.3529,0.5143,0.3438,0.0517
172fg.jpg,0.3529,0.5143,0.3438,0.0517
172g.jpg,0.3529,0.5143,0.3438,0.0517
172h.jpg,0.3529,0.5143,0.3438,0.0517
173a.jpg,0.2353,0.6429,0.3125,0.1034
173b.jpg,0.2353,0.6429,0.3125,0.1034
173c.jpg,0.2353,0.6429,0.3125,0.1034
173d.jpg,0.2353,0.6429,0.3125,0.1034
173e.jpg,0.2353,0.6429,0.3125,0.1034
173f.jpg,0.2353,0.6429,0.3125,0.1034
173g.jpg,0.2353,0.6429,0.3125,0.1034
173h.jpg,0.2353,0.6429,0.3125,0.1034
174a.jpg,0.7059,0.4429,0.5,0.1207
174b.jpg,0.7059,0.4429,0.5,0.1207
174c.jpg,0.7059,0.4429,0.5,0.1207
174d.jpg,0.7059,0.4429,0.5,0.1207
174e.jpg,0.7059,0.4429,0.5,0.1207
174f.jpg,0.7059,0.4429,0.5,0.1207
174g.jpg,0.7059,0.4429,0.5,0.1207
174h.jpg,0.7059,0.4429,0.5,0.1207
174m.jpg,0.7059,0.4429,0.5,0.1207
176a.jpg,0.2353,0.7714,0.375,0.3793
176b.jpg,0.2353,0.7714,0.375,0.3793
176c.jpg,0.2353,0.7714,0.375,0.3793
176d.jpg,0.2353,0.7714,0.375,0.3793
176e.jpg,0.2353,0.7714,0.375,0.3793
176f.jpg,0.2353,0.7714,0.375,0.3793
176g.jpg,0.2353,0.7714,0.375,0.3793
176h.jpg,0.2353,0.7714,0.375,0.3793
176m.jpg,0.2353,0.7714,0.375,0.3793
176n.jpg,0.2353,0.7714,0.375,0.3793
177a.jpg,0.4706,0.5571,0.4375,0.2414
177aa.jpg,0.4706,0.5571,0.4375,0.2414
177b.jpg,0.4706,0.5571,0.4375,0.2414
177c.jpg,0.4706,0.5571,0.4375,0.2414
177d.jpg,0.4706,0.5571,0.4375,0.2414
177e.jpg,0.4706,0.5571,0.4375,0.2414
177f.jpg,0.4706,0.5571,0.4375,0.2414
177g.jpg,0.4706,0.5571,0.4375,0.2414
177h.jpg,0.4706,0.5571,0.4375,0.2414
177k.jpg,0.4706,0.5571,0.4375,0.2414
177m.jpg,0.4706,0.5571,0.4375,0.2414
177n.jpg,0.4706,0.5571,0.4375,0.2414
177u.jpg,0.4706,0.5571,0.4375,0.2414
178a.jpg,0.5882,0.9,0.3125,0.2931
178b.jpg,0.5882,0.9,0.3125,0.2931
178c.jpg,0.5882,0.9,0.3125,0.2931
178d.jpg,0.5882,0.9,0.3125,0.2931
178e.jpg,0.5882,0.9,0.3125,0.2931
178f.jpg,0.5882,0.9,0.3125,0.2931
178g.jpg,0.5882,0.9,0.3125,0.2931
178h.jpg,0.5882,0.9,0.3125,0.2931
178k.jpg,0.5882,0.9,0.3125,0.2931
178m.jpg,0.5882,0.9,0.3125,0.2931
179a.jpg,0.5882,0.6714,0.5,0.1724
179b.jpg,0.5882,0.6714,0.5,0.1724
179c.jpg,0.5882,0.6714,0.5,0.1724
179e.jpg,0.5882,0.6714,0.5,0.1724
179f.jpg,0.5882,0.6714,0.5,0.1724
179g.jpg,0.5882,0.6714,0.5,0.1724
179h.jpg,0.5882,0.6714,0.5,0.1724
179k.jpg,0.5882,0.6714,0.5,0.1724
179m.jpg,0.5882,0.6714,0.5,0.1724
179n.jpg,0.5882,0.6714,0.5,0.1724
17a.jpg,0.4706,0.6571,0.375,0.2759
17b.jpg,0.4706,0.6571,0.375,0.2759
17c.jpg,0.4706,0.6571,0.375,0.2759
17d.jpg,0.4706,0.6571,0.375,0.2759
17e.jpg,0.4706,0.6571,0.375,0.2759
17j.jpg,0.4706,0.6571,0.375,0.2759
17k.jpg,0.4706,0.6571,0.375,0.2759
17m.jpg,0.4706,0.6571,0.375,0.2759
17n.jpg,0.4706,0.6571,0.375,0.2759
17u.jpg,0.4706,0.6571,0.375,0.2759
180a.jpg,0.2353,0.9,0.8125,0.2069
180b.jpg,0.2353,0.9,0.8125,0.2069
180c.jpg,0.2353,0.9,0.8125,0.2069
180d.jpg,0.2353,0.9,0.8125,0.2069
180e.jpg,0.2353,0.9,0.8125,0.2069
180f.jpg,0.2353,0.9,0.8125,0.2069
180g.jpg,0.2353,0.9,0.8125,0.2069
180k.jpg,0.2353,0.9,0.8125,0.2069
180u.jpg,0.2353,0.9,0.8125,0.2069
181a.jpg,0.3529,0.9,0.125,0.2759
181b.jpg,0.3529,0.9,0.125,0.2759
181c.jpg,0.3529,0.9,0.125,0.2759
181d.jpg,0.3529,0.9,0.125,0.2759
181e.jpg,0.3529,0.9,0.125,0.2759
181f.jpg,0.3529,0.9,0.125,0.2759
181h.jpg,0.3529,0.9,0.125,0.2759
181kk.jpg,0.3529,0.9,0.125,0.2759
181l.jpg,0.3529,0.9,0.125,0.2759
181ll.jpg,0.3529,0.9,0.125,0.2759
181m.jpg,0.3529,0.9,0.125,0.2759
181n.jpg,0.3529,0.9,0.125,0.2759
181nn.jpg,0.3529,0.9,0.125,0.2759
182a.jpg,0.3529,0.8143,0.3438,0.2069
182b.jpg,0.3529,0.8143,0.3438,0.2069
182c.jpg,0.3529,0.8143,0.3438,0.2069
182d.jpg,0.3529,0.8143,0.3438,0.2069
182e.jpg,0.3529,0.8143,0.3438,0.2069
182f.jpg,0.3529,0.8143,0.3438,0.2069
182g.jpg,0.3529,0.8143,0.3438,0.2069
182k.jpg,0.3529,0.8143,0.3438,0.2069
182l.jpg,0.3529,0.8143,0.3438,0.2069
183a.jpg,0.5882,0.8571,0.4688,0.3793
183b.jpg,0.5882,0.8571,0.4688,0.3793
183c.jpg,0.5882,0.8571,0.4688,0.3793
183d.jpg,0.5882,0.8571,0.4688,0.3793
183e.jpg,0.5882,0.8571,0.4688,0.3793
183f.jpg,0.5882,0.8571,0.4688,0.3793
183g.jpg,0.5882,0.8571,0.4688,0.3793
183h.jpg,0.5882,0.8571,0.4688,0.3793
183k.jpg,0.5882,0.8571,0.4688,0.3793
183m.jpg,0.5882,0.8571,0.4688,0.3793
183n.jpg,0.5882,0.8571,0.4688,0.3793
184a.jpg,0.2353,0.5429,0.4375,0.2931
184b.jpg,0.2353,0.5429,0.4375,0.2931
184c.jpg,0.2353,0.5429,0.4375,0.2931
184d.jpg,0.2353,0.5429,0.4375,0.2931
184e.jpg,0.2353,0.5429,0.4375,0.2931
184f.jpg,0.2353,0.5429,0.4375,0.2931
184g.jpg,0.2353,0.5429,0.4375,0.2931
184h.jpg,0.2353,0.5429,0.4375,0.2931
184m.jpg,0.2353,0.5429,0.4375,0.2931
184n.jpg,0.2353,0.5429,0.4375,0.2931
185a.jpg,0.4706,0.7143,0.3438,0.2759
185b.jpg,0.4706,0.7143,0.3438,0.2759
185c.jpg,0.4706,0.7143,0.3438,0.2759
185d.jpg,0.4706,0.7143,0.3438,0.2759
185e.jpg,0.4706,0.7143,0.3438,0.2759
185f.jpg,0.4706,0.7143,0.3438,0.2759
185g.jpg,0.4706,0.7143,0.3438,0.2759
185h.jpg,0.4706,0.7143,0.3438,0.2759
185k.jpg,0.4706,0.7143,0.3438,0.2759
186a.jpg,0.1176,0.5571,0.2812,0.2931
186b.jpg,0.1176,0.5571,0.2812,0.2931
186c.jpg,0.1176,0.5571,0.2812,0.2931
186de.jpg,0.1176,0.5571,0.2812,0.2931
186e.jpg,0.1176,0.5571,0.2812,0.2931
186f.jpg,0.1176,0.5571,0.2812,0.2931
186g.jpg,0.1176,0.5571,0.2812,0.2931
186h.jpg,0.1176,0.5571,0.2812,0.2931
186k.jpg,0.1176,0.5571,0.2812,0.2931
186m.jpg,0.1176,0.5571,0.2812,0.2931
186n.jpg,0.1176,0.5571,0.2812,0.2931
188a.jpg,0.8235,0.7857,0.3438,0.2759
188b.jpg,0.8235,0.7857,0.3438,0.2759
188c.jpg,0.8235,0.7857,0.3438,0.2759
188d.jpg,0.8235,0.7857,0.3438,0.2759
188e.jpg,0.8235,0.7857,0.3438,0.2759
188f.jpg,0.8235,0.7857,0.3438,0.2759
188g.jpg,0.8235,0.7857,0.3438,0.2759
188h.jpg,0.8235,0.7857,0.3438,0.2759
188k.jpg,0.8235,0.7857,0.3438,0.2759
188l.jpg,0.8235,0.7857,0.3438,0.2759
188m.jpg,0.8235,0.7857,0.3438,0.2759
188n.jpg,0.8235,0.7857,0.3438,0.2759
189a.jpg,0.8235,0.5,0.3438,0.2241
189bs.jpg,0.8235,0.5,0.3438,0.2241
189c.jpg,0.8235,0.5,0.3438,0.2241
189d.jpg,0.8235,0.5,0.3438,0.2241
189e.jpg,0.8235,0.5,0.3438,0.2241
189f.jpg,0.8235,0.5,0.3438,0.2241
189g.jpg,0.8235,0.5,0.3438,0.2241
189h.jpg,0.8235,0.5,0.3438,0.2241
189k.jpg,0.8235,0.5,0.3438,0.2241
189m.jpg,0.8235,0.5,0.3438,0.2241
189n.jpg,0.8235,0.5,0.3438,0.2241
18a.jpg,0.4706,0.7714,0.5,0.2069
18b.jpg,0.4706,0.7714,0.5,0.2069
18c.jpg,0.4706,0.7714,0.5,0.2069
18d.jpg,0.4706,0.7714,0.5,0.2069
18e.jpg,0.4706,0.7714,0.5,0.2069
18f.jpg,0.4706,0.7714,0.5,0.2069
18h.jpg,0.4706,0.7714,0.5,0.2069
18k.jpg,0.4706,0.7714,0.5,0.2069
18m.jpg,0.4706,0.7714,0.5,0.2069
18n.jpg,0.4706,0.7714,0.5,0.2069
190a.jpg,0.4706,0.7714,0.4062,0.3448
190b.jpg,0.4706,0.7714,0.4062,0.3448
190c.jpg,0.4706,0.7714,0.4062,0.3448
190d.jpg,0.4706,0.7714,0.4062,0.3448
190e.jpg,0.4706,0.7714,0.4062,0.3448
190f.jpg,0.4706,0.7714,0.4062,0.3448
190g.jpg,0.4706,0.7714,0.4062,0.3448
190h.jpg,0.4706,0.7714,0.4062,0.3448
190m.jpg,0.4706,0.7714,0.4062,0.3448
190n.jpg,0.4706,0.7714,0.4062,0.3448
192a.jpg,0.2353,0.8143,0.4375,0.3103
192b.jpg,0.2353,0.8143,0.4375,0.3103
192c.jpg,0.2353,0.8143,0.4375,0.3103
192d.jpg,0.2353,0.8143,0.4375,0.3103
192e.jpg,0.2353,0.8143,0.4375,0.3103
192f.jpg,0.2353,0.8143,0.4375,0.3103
192g.jpg,0.2353,0.8143,0.4375,0.3103
192h.jpg,0.2353,0.8143,0.4375,0.3103
192j.jpg,0.2353,0.8143,0.4375,0.3103
192k.jpg,0.2353,0.8143,0.4375,0.3103
192m.jpg,0.2353,0.8143,0.4375,0.3103
193a.jpg,0.2353,0.7286,0.375,0.2759
193b.jpg,0.2353,0.7286,0.375,0.2759
193d.jpg,0.2353,0.7286,0.375,0.2759
193e.jpg,0.2353,0.7286,0.375,0.2759
193f.jpg,0.2353,0.7286,0.375,0.2759
193g.jpg,0.2353,0.7286,0.375,0.2759
193h.jpg,0.2353,0.7286,0.375,0.2759
193k.jpg,0.2353,0.7286,0.375,0.2759
193l.jpg,0.2353,0.7286,0.375,0.2759
194a.jpg,0.7059,0.5571,0.375,0.3103
194b.jpg,0.7059,0.5571,0.375,0.3103
194c.jpg,0.7059,0.5571,0.375,0.3103
194d.jpg,0.7059,0.5571,0.375,0.3103
194e.jpg,0.7059,0.5571,0.375,0.3103
194f.jpg,0.7059,0.5571,0.375,0.3103
194g.jpg,0.7059,0.5571,0.375,0.3103
194h.jpg,0.7059,0.5571,0.375,0.3103
194k.jpg,0.7059,0.5571,0.375,0.3103
195a.jpg,0.0,0.9,0.3438,0.2759
195b.jpg,0.0,0.9,0.3438,0.2759
195c.jpg,0.0,0.9,0.3438,0.2759
195d.jpg,0.0,0.9,0.3438,0.2759
195e.jpg,0.0,0.9,0.3438,0.2759
195f.jpg,0.0,0.9,0.3438,0.2759
195g.jpg,0.0,0.9,0.3438,0.2759
195h.jpg,0.0,0.9,0.3438,0.2759
195j.jpg,0.0,0.9,0.3438,0.2759
195m.jpg,0.0,0.9,0.3438,0.2759
196a.jpg,0.3529,0.7143,0.4375,0.3103
196b.jpg,0.3529,0.7143,0.4375,0.3103
196c.jpg,0.3529,0.7143,0.4375,0.3103
196d.jpg,0.3529,0.7143,0.4375,0.3103
196e.jpg,0.3529,0.7143,0.4375,0.3103
196f.jpg,0.3529,0.7143,0.4375,0.3103
196g.jpg,0.3529,0.7143,0.4375,0.3103
196h.jpg,0.3529,0.7143,0.4375,0.3103
196i.jpg,0.3529,0.7143,0.4375,0.3103
197a.jpg,0.5882,0.8,0.5938,0.2759
197b.jpg,0.5882,0.8,0.5938,0.2759
197c.jpg,0.5882,0.8,0.5938,0.2759
197d.jpg,0.5882,0.8,0.5938,0.2759
197e.jpg,0.5882,0.8,0.5938,0.2759
197f.jpg,0.5882,0.8,0.5938,0.2759
197g.jpg,0.5882,0.8,0.5938,0.2759
197h.jpg,0.5882,0.8,0.5938,0.2759
197m.jpg,0.5882,0.8,0.5938,0.2759
197n.jpg,0.5882,0.8,0.5938,0.2759
198a.jpg,0.4706,0.8571,0.375,0.3103
198b.jpg,0.4706,0.8571,0.375,0.3103
198c.jpg,0.4706,0.8571,0.375,0.3103
198d.jpg,0.4706,0.8571,0.375,0.3103
198e.jpg,0.4706,0.8571,0.375,0.3103
198f.jpg,0.4706,0.8571,0.375,0.3103
198g.jpg,0.4706,0.8571,0.375,0.3103
198h.jpg,0.4706,0.8571,0.375,0.3103
198m.jpg,0.4706,0.8571,0.375,0.3103
199a.jpg,0.5882,0.6,0.375,0.2414
199b.jpg,0.5882,0.6,0.375,0.2414
199c.jpg,0.5882,0.6,0.375,0.2414
199d.jpg,0.5882,0.6,0.375,0.2414
199e.jpg,0.5882,0.6,0.375,0.2414
199f.jpg,0.5882,0.6,0.375,0.2414
199g.jpg,0.5882,0.6,0.375,0.2414
199h.jpg,0.5882,0.6,0.375,0.2414
199k.jpg,0.5882,0.6,0.375,0.2414
199m.jpg,0.5882,0.6,0.375,0.2414
199n.jpg,0.5882,0.6,0.375,0.2414
19a.jpg,0.2353,0.8,0.5312,0.3793
19b.jpg,0.2353,0.8,0.5312,0.3793
19c.jpg,0.2353,0.8,0.5312,0.3793
19d.jpg,0.2353,0.8,0.5312,0.3793
19e.jpg,0.2353,0.8,0.5312,0.3793
19f.jpg,0.2353,0.8,0.5312,0.3793
19g.jpg,0.2353,0.8,0.5312,0.3793
19h.jpg,0.2353,0.8,0.5312,0.3793
19j.jpg,0.2353,0.8,0.5312,0.3793
19k.jpg,0.2353,0.8,0.5312,0.3793
1a.jpg,0.9412,0.6286,0.3125,0.069
1b.jpg,0.9412,0.6286,0.3125,0.069
200a.jpg,0.2353,0.2286,0.4062,0.2414
200b.jpg,0.2353,0.2286,0.4062,0.2414
200c.jpg,0.2353,0.2286,0.4062,0.2414
200d.jpg,0.2353,0.2286,0.4062,0.2414
200e.jpg,0.2353,0.2286,0.4062,0.2414
200f.jpg,0.2353,0.2286,0.4062,0.2414
200g.jpg,0.2353,0.2286,0.4062,0.2414
200h.jpg,0.2353,0.2286,0.4062,0.2414
200k.jpg,0.2353,0.2286,0.4062,0.2414
200m.jpg,0.2353,0.2286,0.4062,0.2414
200n.jpg,0.2353,0.2286,0.4062,0.2414
21a.jpg,0.4706,0.8714,0.4062,0.3448
21b.jpg,0.4706,0.8714,0.4062,0.3448
21c.jpg,0.4706,0.8714,0.4062,0.3448
21d.jpg,0.4706,0.8714,0.4062,0.3448
21e.jpg,0.4706,0.8714,0.4062,0.3448
21f.jpg,0.4706,0.8714,0.4062,0.3448
21g.jpg,0.4706,0.8714,0.4062,0.3448
21h.jpg,0.4706,0.8714,0.4062,0.3448
21i.jpg,0.4706,0.8714,0.4062,0.3448
21j.jpg,0.4706,0.8714,0.4062,0.3448
21k.jpg,0.4706,0.8714,0.4062,0.3448
21l.jpg,0.4706,0.8714,0.4062,0.3448
21m.jpg,0.4706,0.8714,0.4062,0.3448
21n.jpg,0.4706,0.8714,0.4062,0.3448
21o.jpg,0.4706,0.8714,0.4062,0.3448
21p.jpg,0.4706,0.8714,0.4062,0.3448
21q.jpg,0.4706,0.8714,0.4062,0.3448
21r.jpg,0.4706,0.8714,0.4062,0.3448
21v.jpg,0.4706,0.8714,0.4062,0.3448
21z.jpg,0.4706,0.8714,0.4062,0.3448
22a.jpg,0.5882,0.5571,0.2812,0.2069
22b.jpg,0.5882,0.5571,0.2812,0.2069
22c.jpg,0.5882,0.5571,0.2812,0.2069
22d.jpg,0.5882,0.5571,0.2812,0.2069
22e.jpg,0.5882,0.5571,0.2812,0.2069
22f.jpg,0.5882,0.5571,0.2812,0.2069
22g.jpg,0.5882,0.5571,0.2812,0.2069
22h.jpg,0.5882,0.5571,0.2812,0.2069
22i.jpg,0.5882,0.5571,0.2812,0.2069
22j.jpg,0.5882,0.5571,0.2812,0.2069
22k.jpg,0.5882,0.5571,0.2812,0.2069
23a.jpg,0.3529,0.4714,0.3125,0.3448
23b.jpg,0.3529,0.4714,0.3125,0.3448
23c.jpg,0.3529,0.4714,0.3125,0.3448
23d.jpg,0.3529,0.4714,0.3125,0.3448
23e.jpg,0.3529,0.4714,0.3125,0.3448
23f.jpg,0.3529,0.4714,0.3125,0.3448
23g.jpg,0.3529,0.4714,0.3125,0.3448
23h.jpg,0.3529,0.4714,0.3125,0.3448
23i.jpg,0.3529,0.4714,0.3125,0.3448
24a.jpg,0.3529,0.7286,0.4375,0.3103
24b.jpg,0.3529,0.7286,0.4375,0.3103
24c.jpg,0.3529,0.7286,0.4375,0.3103
24d.jpg,0.3529,0.7286,0.4375,0.3103
24e.jpg,0.3529,0.7286,0.4375,0.3103
24f.jpg,0.3529,0.7286,0.4375,0.3103
24g.jpg,0.3529,0.7286,0.4375,0.3103
24h.jpg,0.3529,0.7286,0.4375,0.3103
24i.jpg,0.3529,0.7286,0.4375,0.3103
24j.jpg,0.3529,0.7286,0.4375,0.3103
26a.jpg,0.7059,0.1,0.3125,0.1724
26b.jpg,0.7059,0.1,0.3125,0.1724
26c.jpg,0.7059,0.1,0.3125,0.1724
26d.jpg,0.7059,0.1,0.3125,0.1724
26e.jpg,0.7059,0.1,0.3125,0.1724
26f.jpg,0.7059,0.1,0.3125,0.1724
26g.jpg,0.7059,0.1,0.3125,0.1724
26h.jpg,0.7059,0.1,0.3125,0.1724
26i.jpg,0.7059,0.1,0.3125,0.1724
26j.jpg,0.7059,0.1,0.3125,0.1724
26k.jpg,0.7059,0.1,0.3125,0.1724
26l.jpg,0.7059,0.1,0.3125,0.1724
26m.jpg,0.7059,0.1,0.3125,0.1724
27a.jpg,0.1176,0.7857,0.3125,0.5517
27b.jpg,0.1176,0.7857,0.3125,0.5517
27c.jpg,0.1176,0.7857,0.3125,0.5517
27d.jpg,0.1176,0.7857,0.3125,0.5517
27e.jpg,0.1176,0.7857,0.3125,0.5517
27f.jpg,0.1176,0.7857,0.3125,0.5517
27g.jpg,0.1176,0.7857,0.3125,0.5517
27h.jpg,0.1176,0.7857,0.3125,0.5517
27i.jpg,0.1176,0.7857,0.3125,0.5517
28a.jpg,0.3529,0.8,0.4688,0.2414
28b.jpg,0.3529,0.8,0.4688,0.2414
28c.jpg,0.3529,0.8,0.4688,0.2414
28d.jpg,0.3529,0.8,0.4688,0.2414
28e.jpg,0.3529,0.8,0.4688,0.2414
28f.jpg,0.3529,0.8,0.4688,0.2414
28g.jpg,0.3529,0.8,0.4688,0.2414
28h.jpg,0.3529,0.8,0.4688,0.2414
28i.jpg,0.3529,0.8,0.4688,0.2414
30a.jpg,0.4706,0.4714,0.3125,0.4138
30b.jpg,0.4706,0.4714,0.3125,0.4138
30c.jpg,0.4706,0.4714,0.3125,0.4138
30d.jpg,0.4706,0.4714,0.3125,0.4138
30e.jpg,0.4706,0.4714,0.3125,0.4138
30f.jpg,0.4706,0.4714,0.3125,0.4138
30g.jpg,0.4706,0.4714,0.3125,0.4138
30h.jpg,0.4706,0.4714,0.3125,0.4138
30j.jpg,0.4706,0.4714,0.3125,0.4138
30k.jpg,0.4706,0.4714,0.3125,0.4138
30t.jpg,0.4706,0.4714,0.3125,0.4138
31a.jpg,0.5882,0.8571,0.7812,0.4828
31b.jpg,0.5882,0.8571,0.7812,0.4828
31f.jpg,0.5882,0.8571,0.7812,0.4828
31g.jpg,0.5882,0.8571,0.7812,0.4828
31j.jpg,0.5882,0.8571,0.7812,0.4828
31m.jpg,0.5882,0.8571,0.7812,0.4828
31n.jpg,0.5882,0.8571,0.7812,0.4828
31r.jpg,0.5882,0.8571,0.7812,0.4828
31u.jpg,0.5882,0.8571,0.7812,0.4828
31v.jpg,0.5882,0.8571,0.7812,0.4828
31w.jpg,0.5882,0.8571,0.7812,0.4828
31y.jpg,0.5882,0.8571,0.7812,0.4828
33a.jpg,0.3529,0.8,0.8125,0.569
33b.jpg,0.3529,0.8,0.8125,0.569
33c.jpg,0.3529,0.8,0.8125,0.569
33d.jpg,0.3529,0.8,0.8125,0.569
33e.jpg,0.3529,0.8,0.8125,0.569
33f.jpg,0.3529,0.8,0.8125,0.569
33g.jpg,0.3529,0.8,0.8125,0.569
33h.jpg,0.3529,0.8,0.8125,0.569
33r.jpg,0.3529,0.8,0.8125,0.569
34a.jpg,0.4706,0.8429,0.6562,0.4138
34b.jpg,0.4706,0.8429,0.6562,0.4138
34c.jpg,0.4706,0.8429,0.6562,0.4138
34d.jpg,0.4706,0.8429,0.6562,0.4138
34e.jpg,0.4706,0.8429,0.6562,0.4138
34f.jpg,0.4706,0.8429,0.6562,0.4138
34g.jpg,0.4706,0.8429,0.6562,0.4138
34h.jpg,0.4706,0.8429,0.6562,0.4138
35a.jpg,0.7059,0.8714,0.7812,0.4828
35b.jpg,0.7059,0.8714,0.7812,0.4828
35c.jpg,0.7059,0.8714,0.7812,0.4828
35d.jpg,0.7059,0.8714,0.7812,0.4828
35e.jpg,0.7059,0.8714,0.7812,0.4828
35f.jpg,0.7059,0.8714,0.7812,0.4828
35g.jpg,0.7059,0.8714,0.7812,0.4828
35k.jpg,0.7059,0.8714,0.7812,0.4828
36a.jpg,0.8235,0.4,0.75,0.3103
36b.jpg,0.8235,0.4,0.75,0.3103
36c.jpg,0.8235,0.4,0.75,0.3103
36d.jpg,0.8235,0.4,0.75,0.3103
36f.jpg,0.8235,0.4,0.75,0.3103
36h.jpg,0.8235,0.4,0.75,0.3103
36j.jpg,0.8235,0.4,0.75,0.3103
36l.jpg,0.8235,0.4,0.75,0.3103
37a.jpg,0.2353,0.8143,0.5312,0.3103
37b.jpg,0.2353,0.8143,0.5312,0.3103
37c.jpg,0.2353,0.8143,0.5312,0.3103
37d.jpg,0.2353,0.8143,0.5312,0.3103
37e.jpg,0.2353,0.8143,0.5312,0.3103
37f.jpg,0.2353,0.8143,0.5312,0.3103
37g.jpg,0.2353,0.8143,0.5312,0.3103
37h.jpg,0.2353,0.8143,0.5312,0.3103
38a.jpg,0.5882,0.6571,0.8438,0.4138
38b.jpg,0.5882,0.6571,0.8438,0.4138
38c.jpg,0.5882,0.6571,0.8438,0.4138
38d.jpg,0.5882,0.6571,0.8438,0.4138
38f.jpg,0.5882,0.6571,0.8438,0.4138
38g.jpg,0.5882,0.6571,0.8438,0.4138
38h.jpg,0.5882,0.6571,0.8438,0.4138
38j.jpg,0.5882,0.6571,0.8438,0.4138
38k.jpg,0.5882,0.6571,0.8438,0.4138
39a.jpg,0.4706,0.7286,0.5312,0.3276
39b.jpg,0.4706,0.7286,0.5312,0.3276
39c.jpg,0.4706,0.7286,0.5312,0.3276
39d.jpg,0.4706,0.7286,0.5312,0.3276
39e.jpg,0.4706,0.7286,0.5312,0.3276
39h.jpg,0.4706,0.7286,0.5312,0.3276
39l.jpg,0.4706,0.7286,0.5312,0.3276
39o.jpg,0.4706,0.7286,0.5312,0.3276
3a.jpg,0.5882,0.5429,0.1562,0.2414
3b.jpg,0.5882,0.5429,0.1562,0.2414
3c.jpg,0.5882,0.5429,0.1562,0.2414
3d.jpg,0.5882,0.5429,0.1562,0.2414
3e.jpg,0.5882,0.5429,0.1562,0.2414
3f.jpg,0.5882,0.5429,0.1562,0.2414
3g.jpg,0.5882,0.5429,0.1562,0.2414
3h.jpg,0.5882,0.5429,0.1562,0.2414
3i.jpg,0.5882,0.5429,0.1562,0.2414
40a.jpg,0.5882,0.7714,0.4688,0.6207
40c.jpg,0.5882,0.7714,0.4688,0.6207
40d.jpg,0.5882,0.7714,0.4688,0.6207
40e.jpg,0.5882,0.7714,0.4688,0.6207
40f.jpg,0.5882,0.7714,0.4688,0.6207
40j.jpg,0.5882,0.7714,0.4688,0.6207
40l.jpg,0.5882,0.7714,0.4688,0.6207
40p.jpg,0.5882,0.7714,0.4688,0.6207
41a.jpg,0.2353,0.9,0.3125,0.3103
41b.jpg,0.2353,0.9,0.3125,0.3103
41c.jpg,0.2353,0.9,0.3125,0.3103
41d.jpg,0.2353,0.9,0.3125,0.3103
41e.jpg,0.2353,0.9,0.3125,0.3103
41f.jpg,0.2353,0.9,0.3125,0.3103
41g.jpg,0.2353,0.9,0.3125,0.3103
41h.jpg,0.2353,0.9,0.3125,0.3103
42a.jpg,0.2353,0.7,0.3438,1.0
42b.jpg,0.2353,0.7,0.3438,1.0
42c.jpg,0.2353,0.7,0.3438,1.0
42d.jpg,0.2353,0.7,0.3438,1.0
42e.jpg,0.2353,0.7,0.3438,1.0
42f.jpg,0.2353,0.7,0.3438,1.0
42g.jpg,0.2353,0.7,0.3438,1.0
42h.jpg,0.2353,0.7,0.3438,1.0
42j.jpg,0.2353,0.7,0.3438,1.0
43a.jpg,1.0,0.6,0.3438,0.3103
43b.jpg,1.0,0.6,0.3438,0.3103
43c.jpg,1.0,0.6,0.3438,0.3103
43d.jpg,1.0,0.6,0.3438,0.3103
43e.jpg,1.0,0.6,0.3438,0.3103
43f.jpg,1.0,0.6,0.3438,0.3103
43g.jpg,1.0,0.6,0.3438,0.3103
43h.jpg,1.0,0.6,0.3438,0.3103
43j.jpg,1.0,0.6,0.3438,0.3103
43l.jpg,1.0,0.6,0.3438,0.3103
44a.jpg,0.4706,0.9,0.4688,0.5172
44b.jpg,0.4706,0.9,0.4688,0.5172
44c.jpg,0.4706,0.9,0.4688,0.5172
44d.jpg,0.4706,0.9,0.4688,0.5172
44e.jpg,0.4706,0.9,0.4688,0.5172
44f.jpg,0.4706,0.9,0.4688,0.5172
44g.jpg,0.4706,0.9,0.4688,0.5172
44h.jpg,0.4706,0.9,0.4688,0.5172
44j.jpg,0.4706,0.9,0.4688,0.5172
44k.jpg,0.4706,0.9,0.4688,0.5172
44m.jpg,0.4706,0.9,0.4688,0.5172
45a.jpg,0.3529,0.6714,0.375,0.4828
45b.jpg,0.3529,0.6714,0.375,0.4828
45c.jpg,0.3529,0.6714,0.375,0.4828
45d.jpg,0.3529,0.6714,0.375,0.4828
45e.jpg,0.3529,0.6714,0.375,0.4828
45f.jpg,0.3529,0.6714,0.375,0.4828
45r.jpg,0.3529,0.6714,0.375,0.4828
45u.jpg,0.3529,0.6714,0.375,0.4828
46b.jpg,0.5882,0.7571,0.25,0.569
46j.jpg,0.5882,0.7571,0.25,0.569
46k.jpg,0.5882,0.7571,0.25,0.569
46l.jpg,0.5882,0.7571,0.25,0.569
46m.jpg,0.5882,0.7571,0.25,0.569
46q.jpg,0.5882,0.7571,0.25,0.569
46r.jpg,0.5882,0.7571,0.25,0.569
46t.jpg,0.5882,0.7571,0.25,0.569
46y.jpg,0.5882,0.7571,0.25,0.569
48a.jpg,0.2353,0.8571,0.4375,0.3793
48b.jpg,0.2353,0.8571,0.4375,0.3793
48c.jpg,0.2353,0.8571,0.4375,0.3793
48d.jpg,0.2353,0.8571,0.4375,0.3793
48e.jpg,0.2353,0.8571,0.4375,0.3793
48f.jpg,0.2353,0.8571,0.4375,0.3793
48g.jpg,0.2353,0.8571,0.4375,0.3793
48h.jpg,0.2353,0.8571,0.4375,0.3793
48j.jpg,0.2353,0.8571,0.4375,0.3793
48k.jpg,0.2353,0.8571,0.4375,0.3793
49a.jpg,0.4706,0.7429,0.3438,0.4828
49b.jpg,0.4706,0.7429,0.3438,0.4828
49c.jpg,0.4706,0.7429,0.3438,0.4828
49d.jpg,0.4706,0.7429,0.3438,0.4828
49e.jpg,0.4706,0.7429,0.3438,0.4828
49f.jpg,0.4706,0.7429,0.3438,0.4828
49g.jpg,0.4706,0.7429,0.3438,0.4828
49h.jpg,0.4706,0.7429,0.3438,0.4828
49j.jpg,0.4706,0.7429,0.3438,0.4828
49k.jpg,0.4706,0.7429,0.3438,0.4828
4a.jpg,0.3529,0.8143,0.2187,0.4828
4b.jpg,0.3529,0.8143,0.2187,0.4828
4c.jpg,0.3529,0.8143,0.2187,0.4828
4d.jpg,0.3529,0.8143,0.2187,0.4828
4e.jpg,0.3529,0.8143,0.2187,0.4828
4f.jpg,0.3529,0.8143,0.2187,0.4828
50a.jpg,0.5882,0.7286,0.8125,0.3966
50b.jpg,0.5882,0.7286,0.8125,0.3966
50c.jpg,0.5882,0.7286,0.8125,0.3966
50d.jpg,0.5882,0.7286,0.8125,0.3966
50e.jpg,0.5882,0.7286,0.8125,0.3966
50f.jpg,0.5882,0.7286,0.8125,0.3966
50g.jpg,0.5882,0.7286,0.8125,0.3966
50h.jpg,0.5882,0.7286,0.8125,0.3966
50j.jpg,0.5882,0.7286,0.8125,0.3966
51a.jpg,0.5882,0.5714,0.375,0.3103
51b.jpg,0.5882,0.5714,0.375,0.3103
51c.jpg,0.5882,0.5714,0.375,0.3103
51d.jpg,0.5882,0.5714,0.375,0.3103
51e.jpg,0.5882,0.5714,0.375,0.3103
51f.jpg,0.5882,0.5714,0.375,0.3103
51g.jpg,0.5882,0.5714,0.375,0.3103
51h.jpg,0.5882,0.5714,0.375,0.3103
51j.jpg,0.5882,0.5714,0.375,0.3103
52a.jpg,0.4706,0.5714,0.4688,0.3103
52b.jpg,0.4706,0.5714,0.4688,0.3103
52c.jpg,0.4706,0.5714,0.4688,0.3103
52d.jpg,0.4706,0.5714,0.4688,0.3103
52e.jpg,0.4706,0.5714,0.4688,0.3103
52f.jpg,0.4706,0.5714,0.4688,0.3103
52g.jpg,0.4706,0.5714,0.4688,0.3103
52h.jpg,0.4706,0.5714,0.4688,0.3103
52k.jpg,0.4706,0.5714,0.4688,0.3103
52l.jpg,0.4706,0.5714,0.4688,0.3103
53a.jpg,0.4706,0.7429,0.3438,0.3448
53b.jpg,0.4706,0.7429,0.3438,0.3448
53c.jpg,0.4706,0.7429,0.3438,0.3448
53d.jpg,0.4706,0.7429,0.3438,0.3448
53e.jpg,0.4706,0.7429,0.3438,0.3448
53f.jpg,0.4706,0.7429,0.3438,0.3448
53g.jpg,0.4706,0.7429,0.3438,0.3448
53h.jpg,0.4706,0.7429,0.3438,0.3448
53j.jpg,0.4706,0.7429,0.3438,0.3448
54a.jpg,0.0,0.6429,0.6875,0.4828
54b.jpg,0.0,0.6429,0.6875,0.4828
54c.jpg,0.0,0.6429,0.6875,0.4828
54d.jpg,0.0,0.6429,0.6875,0.4828
54e.jpg,0.0,0.6429,0.6875,0.4828
54g.jpg,0.0,0.6429,0.6875,0.4828
54h.jpg,0.0,0.6429,0.6875,0.4828
54j.jpg,0.0,0.6429,0.6875,0.4828
54k.jpg,0.0,0.6429,0.6875,0.4828
56a.jpg,0.4706,0.8286,0.5312,0.2759
56b.jpg,0.4706,0.8286,0.5312,0.2759
56c.jpg,0.4706,0.8286,0.5312,0.2759
56d.jpg,0.4706,0.8286,0.5312,0.2759
56e.jpg,0.4706,0.8286,0.5312,0.2759
56f.jpg,0.4706,0.8286,0.5312,0.2759
56g.jpg,0.4706,0.8286,0.5312,0.2759
56h.jpg,0.4706,0.8286,0.5312,0.2759
56j.jpg,0.4706,0.8286,0.5312,0.2759
56k.jpg,0.4706,0.8286,0.5312,0.2759
57a.jpg,0.3529,0.6429,0.25,0.3103
57b.jpg,0.3529,0.6429,0.25,0.3103
57c.jpg,0.3529,0.6429,0.25,0.3103
57d.jpg,0.3529,0.6429,0.25,0.3103
57e.jpg,0.3529,0.6429,0.25,0.3103
57f.jpg,0.3529,0.6429,0.25,0.3103
57g.jpg,0.3529,0.6429,0.25,0.3103
57h.jpg,0.3529,0.6429,0.25,0.3103
57i.jpg,0.3529,0.6429,0.25,0.3103
57j.jpg,0.3529,0.6429,0.25,0.3103
58a.jpg,0.4706,0.7143,0.3125,0.3103
58b.jpg,0.4706,0.7143,0.3125,0.3103
58c.jpg,0.4706,0.7143,0.3125,0.3103
58d.jpg,0.4706,0.7143,0.3125,0.3103
58e.jpg,0.4706,0.7143,0.3125,0.3103
58f.jpg,0.4706,0.7143,0.3125,0.3103
58g.jpg,0.4706,0.7143,0.3125,0.3103
58h.jpg,0.4706,0.7143,0.3125,0.3103
58r.jpg,0.4706,0.7143,0.3125,0.3103
59a.jpg,0.7059,0.8429,0.3125,0.2069
59b.jpg,0.7059,0.8429,0.3125,0.2069
59c.jpg,0.7059,0.8429,0.3125,0.2069
59d.jpg,0.7059,0.8429,0.3125,0.2069
59e.jpg,0.7059,0.8429,0.3125,0.2069
59f.jpg,0.7059,0.8429,0.3125,0.2069
59g.jpg,0.7059,0.8429,0.3125,0.2069
59h.jpg,0.7059,0.8429,0.3125,0.2069
59l.jpg,0.7059,0.8429,0.3125,0.2069
59m.jpg,0.7059,0.8429,0.3125,0.2069
5a.jpg,0.4706,0.5286,0.0938,0.6552
5b.jpg,0.4706,0.5286,0.0938,0.6552
5c.jpg,0.4706,0.5286,0.0938,0.6552
5d.jpg,0.4706,0.5286,0.0938,0.6552
5e.jpg,0.4706,0.5286,0.0938,0.6552
5f.jpg,0.4706,0.5286,0.0938,0.6552
5g.jpg,0.4706,0.5286,0.0938,0.6552
5h.jpg,0.4706,0.5286,0.0938,0.6552
5i.jpg,0.4706,0.5286,0.0938,0.6552
60a.jpg,0.3529,0.8429,0.3125,0.2759
60b.jpg,0.3529,0.8429,0.3125,0.2759
60c.jpg,0.3529,0.8429,0.3125,0.2759
60d.jpg,0.3529,0.8429,0.3125,0.2759
60e.jpg,0.3529,0.8429,0.3125,0.2759
60f.jpg,0.3529,0.8429,0.3125,0.2759
60g.jpg,0.3529,0.8429,0.3125,0.2759
60k.jpg,0.3529,0.8429,0.3125,0.2759
60l.jpg,0.3529,0.8429,0.3125,0.2759
60m.jpg,0.3529,0.8429,0.3125,0.2759
60y.jpg,0.3529,0.8429,0.3125,0.2759
61a.jpg,0.3529,0.7714,0.4375,0.2759
61b.jpg,0.3529,0.7714,0.4375,0.2759
61c.jpg,0.3529,0.7714,0.4375,0.2759
61d.jpg,0.3529,0.7714,0.4375,0.2759
61e.jpg,0.3529,0.7714,0.4375,0.2759
61g.jpg,0.3529,0.7714,0.4375,0.2759
61j.jpg,0.3529,0.7714,0.4375,0.2759
61k.jpg,0.3529,0.7714,0.4375,0.2759
61l.jpg,0.3529,0.7714,0.4375,0.2759
61m.jpg,0.3529,0.7714,0.4375,0.2759
61n.jpg,0.3529,0.7714,0.4375,0.2759
61t.jpg,0.3529,0.7714,0.4375,0.2759
62a.jpg,0.3529,0.8,0.2812,0.3448
62b.jpg,0.3529,0.8,0.2812,0.3448
62c.jpg,0.3529,0.8,0.2812,0.3448
62d.jpg,0.3529,0.8,0.2812,0.3448
62e.jpg,0.3529,0.8,0.2812,0.3448
62f.jpg,0.3529,0.8,0.2812,0.3448
62g.jpg,0.3529,0.8,0.2812,0.3448
62h.jpg,0.3529,0.8,0.2812,0.3448
62j.jpg,0.3529,0.8,0.2812,0.3448
62k.jpg,0.3529,0.8,0.2812,0.3448
62m.jpg,0.3529,0.8,0.2812,0.3448
63a.jpg,0.1176,0.8286,0.3125,0.2414
63b.jpg,0.1176,0.8286,0.3125,0.2414
63e.jpg,0.1176,0.8286,0.3125,0.2414
63f.jpg,0.1176,0.8286,0.3125,0.2414
63g.jpg,0.1176,0.8286,0.3125,0.2414
63h.jpg,0.1176,0.8286,0.3125,0.2414
63l.jpg,0.1176,0.8286,0.3125,0.2414
63m.jpg,0.1176,0.8286,0.3125,0.2414
63n.jpg,0.1176,0.8286,0.3125,0.2414
63o.jpg,0.1176,0.8286,0.3125,0.2414
63p.jpg,0.1176,0.8286,0.3125,0.2414
63t.jpg,0.1176,0.8286,0.3125,0.2414
64a.jpg,0.7059,0.9,0.3125,0.069
64b.jpg,0.7059,0.9,0.3125,0.069
64c.jpg,0.7059,0.9,0.3125,0.069
64d.jpg,0.7059,0.9,0.3125,0.069
64f.jpg,0.7059,0.9,0.3125,0.069
64g.jpg,0.7059,0.9,0.3125,0.069
64h.jpg,0.7059,0.9,0.3125,0.069
64k.jpg,0.7059,0.9,0.3125,0.069
64l.jpg,0.7059,0.9,0.3125,0.069
65a.jpg,0.7059,0.8857,0.3125,0.069
65b.jpg,0.7059,0.8857,0.3125,0.069
65c.jpg,0.7059,0.8857,0.3125,0.069
65d.jpg,0.7059,0.8857,0.3125,0.069
65e.jpg,0.7059,0.8857,0.3125,0.069
65f.jpg,0.7059,0.8857,0.3125,0.069
65g.jpg,0.7059,0.8857,0.3125,0.069
65h.jpg,0.7059,0.8857,0.3125,0.069
65i.jpg,0.7059,0.8857,0.3125,0.069
65j.jpg,0.7059,0.8857,0.3125,0.069
66a.jpg,0.5882,0.8857,0.25,0.0
66b.jpg,0.5882,0.8857,0.25,0.0
66c.jpg,0.5882,0.8857,0.25,0.0
66e.jpg,0.5882,0.8857,0.25,0.0
66f.jpg,0.5882,0.8857,0.25,0.0
66g.jpg,0.5882,0.8857,0.25,0.0
66h.jpg,0.5882,0.8857,0.25,0.0
66k.jpg,0.5882,0.8857,0.25,0.0
66l.jpg,0.5882,0.8857,0.25,0.0
66m.jpg,0.5882,0.8857,0.25,0.0
67a.jpg,0.0,0.7714,0.3125,0.069
67b.jpg,0.0,0.7714,0.3125,0.069
67c.jpg,0.0,0.7714,0.3125,0.069
67d.jpg,0.0,0.7714,0.3125,0.069
67e.jpg,0.0,0.7714,0.3125,0.069
67f.jpg,0.0,0.7714,0.3125,0.069
67g.jpg,0.0,0.7714,0.3125,0.069
67h.jpg,0.0,0.7714,0.3125,0.069
67j.jpg,0.0,0.7714,0.3125,0.069
67k.jpg,0.0,0.7714,0.3125,0.069
69a.jpg,0.8235,0.3143,0.3125,0.5172
69b.jpg,0.8235,0.3143,0.3125,0.5172
69c.jpg,0.8235,0.3143,0.3125,0.5172
69d.jpg,0.8235,0.3143,0.3125,0.5172
69e.jpg,0.8235,0.3143,0.3125,0.5172
69f.jpg,0.8235,0.3143,0.3125,0.5172
69g.jpg,0.8235,0.3143,0.3125,0.5172
69h.jpg,0.8235,0.3143,0.3125,0.5172
69k.jpg,0.8235,0.3143,0.3125,0.5172
69l.jpg,0.8235,0.3143,0.3125,0.5172
69m.jpg,0.8235,0.3143,0.3125,0.5172
69n.jpg,0.8235,0.3143,0.3125,0.5172
6a.jpg,0.7059,0.4714,0.3438,0.6207
6b.jpg,0.7059,0.4714,0.3438,0.6207
6c.jpg,0.7059,0.4714,0.3438,0.6207
6d.jpg,0.7059,0.4714,0.3438,0.6207
6e.jpg,0.7059,0.4714,0.3438,0.6207
6f.jpg,0.7059,0.4714,0.3438,0.6207
6g.jpg,0.7059,0.4714,0.3438,0.6207
6h.jpg,0.7059,0.4714,0.3438,0.6207
70a.jpg,0.2353,0.1714,0.3438,0.3621
70b.jpg,0.2353,0.1714,0.3438,0.3621
70c.jpg,0.2353,0.1714,0.3438,0.3621
70d.jpg,0.2353,0.1714,0.3438,0.3621
70e.jpg,0.2353,0.1714,0.3438,0.3621
70f.jpg,0.2353,0.1714,0.3438,0.3621
70g.jpg,0.2353,0.1714,0.3438,0.3621
70h.jpg,0.2353,0.1714,0.3438,0.3621
70j.jpg,0.2353,0.1714,0.3438,0.3621
71a.jpg,0.7059,0.4571,0.4375,0.2069
71b.jpg,0.7059,0.4571,0.4375,0.2069
71c.jpg,0.7059,0.4571,0.4375,0.2069
71d.jpg,0.7059,0.4571,0.4375,0.2069
71e.jpg,0.7059,0.4571,0.4375,0.2069
71f.jpg,0.7059,0.4571,0.4375,0.2069
71g.jpg,0.7059,0.4571,0.4375,0.2069
71h.jpg,0.7059,0.4571,0.4375,0.2069
71j.jpg,0.7059,0.4571,0.4375,0.2069
71k.jpg,0.7059,0.4571,0.4375,0.2069
72a.jpg,0.4706,0.5143,0.375,0.1724
72b.jpg,0.4706,0.5143,0.375,0.1724
72c.jpg,0.4706,0.5143,0.375,0.1724
72d.jpg,0.4706,0.5143,0.375,0.1724
72e.jpg,0.4706,0.5143,0.375,0.1724
72f.jpg,0.4706,0.5143,0.375,0.1724
72g.jpg,0.4706,0.5143,0.375,0.1724
72k.jpg,0.4706,0.5143,0.375,0.1724
72l.jpg,0.4706,0.5143,0.375,0.1724
72m.jpg,0.4706,0.5143,0.375,0.1724
73a.jpg,0.4706,0.5571,0.3125,0.2414
73b.jpg,0.4706,0.5571,0.3125,0.2414
73c.jpg,0.4706,0.5571,0.3125,0.2414
73d.jpg,0.4706,0.5571,0.3125,0.2414
73e.jpg,0.4706,0.5571,0.3125,0.2414
73f.jpg,0.4706,0.5571,0.3125,0.2414
73g.jpg,0.4706,0.5571,0.3125,0.2414
73k.jpg,0.4706,0.5571,0.3125,0.2414
73l.jpg,0.4706,0.5571,0.3125,0.2414
74a.jpg,0.2353,0.5857,0.5,0.1379
74b.jpg,0.2353,0.5857,0.5,0.1379
74c.jpg,0.2353,0.5857,0.5,0.1379
74d.jpg,0.2353,0.5857,0.5,0.1379
74e.jpg,0.2353,0.5857,0.5,0.1379
74f.jpg,0.2353,0.5857,0.5,0.1379
74g.jpg,0.2353,0.5857,0.5,0.1379
74h.jpg,0.2353,0.5857,0.5,0.1379
74k.jpg,0.2353,0.5857,0.5,0.1379
74m.jpg,0.2353,0.5857,0.5,0.1379
74n.jpg,0.2353,0.5857,0.5,0.1379
75a.jpg,0.4706,0.3286,0.4062,0.2759
75b.jpg,0.4706,0.3286,0.4062,0.2759
75c.jpg,0.4706,0.3286,0.4062,0.2759
75d.jpg,0.4706,0.3286,0.4062,0.2759
75e.jpg,0.4706,0.3286,0.4062,0.2759
75f.jpg,0.4706,0.3286,0.4062,0.2759
75g.jpg,0.4706,0.3286,0.4062,0.2759
75h.jpg,0.4706,0.3286,0.4062,0.2759
75k.jpg,0.4706,0.3286,0.4062,0.2759
75l.jpg,0.4706,0.3286,0.4062,0.2759
76a.jpg,0.2353,0.3857,0.0,0.4828
76b.jpg,0.2353,0.3857,0.0,0.4828
76c.jpg,0.2353,0.3857,0.0,0.4828
76de.jpg,0.2353,0.3857,0.0,0.4828
76e.jpg,0.2353,0.3857,0.0,0.4828
76f.jpg,0.2353,0.3857,0.0,0.4828
76g.jpg,0.2353,0.3857,0.0,0.4828
76h.jpg,0.2353,0.3857,0.0,0.4828
76j.jpg,0.2353,0.3857,0.0,0.4828
76k.jpg,0.2353,0.3857,0.0,0.4828
77a.jpg,0.5882,0.1429,0.25,0.4483
77b.jpg,0.5882,0.1429,0.25,0.4483
77c.jpg,0.5882,0.1429,0.25,0.4483
77d.jpg,0.5882,0.1429,0.25,0.4483
77e.jpg,0.5882,0.1429,0.25,0.4483
77g.jpg,0.5882,0.1429,0.25,0.4483
77h.jpg,0.5882,0.1429,0.25,0.4483
77j.jpg,0.5882,0.1429,0.25,0.4483
78a.jpg,0.5882,0.3286,0.25,0.4138
78b.jpg,0.5882,0.3286,0.25,0.4138
78c.jpg,0.5882,0.3286,0.25,0.4138
78d.jpg,0.5882,0.3286,0.25,0.4138
78e.jpg,0.5882,0.3286,0.25,0.4138
78f.jpg,0.5882,0.3286,0.25,0.4138
78g.jpg,0.5882,0.3286,0.25,0.4138
78k.jpg,0.5882,0.3286,0.25,0.4138
78l.jpg,0.5882,0.3286,0.25,0.4138
79a.jpg,0.5882,0.0,0.4375,0.4828
79b.jpg,0.5882,0.0,0.4375,0.4828
79c.jpg,0.5882,0.0,0.4375,0.4828
79d.jpg,0.5882,0.0,0.4375,0.4828
79i.jpg,0.5882,0.0,0.4375,0.4828
79k.jpg,0.5882,0.0,0.4375,0.4828
79l.jpg,0.5882,0.0,0.4375,0.4828
79m.jpg,0.5882,0.0,0.4375,0.4828
79n.jpg,0.5882,0.0,0.4375,0.4828
79v.jpg,0.5882,0.0,0.4375,0.4828
80a.jpg,0.4118,0.7143,0.4062,0.4828
80b.jpg,0.4118,0.7143,0.4062,0.4828
80c.jpg,0.4118,0.7143,0.4062,0.4828
80d.jpg,0.4118,0.7143,0.4062,0.4828
80e.jpg,0.4118,0.7143,0.4062,0.4828
80f.jpg,0.4118,0.7143,0.4062,0.4828
80g.jpg,0.4118,0.7143,0.4062,0.4828
80h.jpg,0.4118,0.7143,0.4062,0.4828
81a.jpg,0.3529,0.7857,0.375,0.3103
81b.jpg,0.3529,0.7857,0.375,0.3103
81c.jpg,0.3529,0.7857,0.375,0.3103
81d.jpg,0.3529,0.7857,0.375,0.3103
81e.jpg,0.3529,0.7857,0.375,0.3103
81f.jpg,0.3529,0.7857,0.375,0.3103
81g.jpg,0.3529,0.7857,0.375,0.3103
81h.jpg,0.3529,0.7857,0.375,0.3103
81k.jpg,0.3529,0.7857,0.375,0.3103
81l.jpg,0.3529,0.7857,0.375,0.3103
81m.jpg,0.3529,0.7857,0.375,0.3103
81n.jpg,0.3529,0.7857,0.375,0.3103
82a.jpg,0.2353,0.8571,0.4688,0.2931
82b.jpg,0.2353,0.8571,0.4688,0.2931
82c.jpg,0.2353,0.8571,0.4688,0.2931
82d.jpg,0.2353,0.8571,0.4688,0.2931
82e.jpg,0.2353,0.8571,0.4688,0.2931
82f.jpg,0.2353,0.8571,0.4688,0.2931
82g.jpg,0.2353,0.8571,0.4688,0.2931
82h.jpg,0.2353,0.8571,0.4688,0.2931
82k.jpg,0.2353,0.8571,0.4688,0.2931
82m.jpg,0.2353,0.8571,0.4688,0.2931
82n.jpg,0.2353,0.8571,0.4688,0.2931
83a.jpg,0.2353,0.9286,0.375,0.2414
83b.jpg,0.2353,0.9286,0.375,0.2414
83c.jpg,0.2353,0.9286,0.375,0.2414
83d.jpg,0.2353,0.9286,0.375,0.2414
83e.jpg,0.2353,0.9286,0.375,0.2414
83f.jpg,0.2353,0.9286,0.375,0.2414
83g.jpg,0.2353,0.9286,0.375,0.2414
83h.jpg,0.2353,0.9286,0.375,0.2414
83l.jpg,0.2353,0.9286,0.375,0.2414
83m.jpg,0.2353,0.9286,0.375,0.2414
83n.jpg,0.2353,0.9286,0.375,0.2414
83p.jpg,0.2353,0.9286,0.375,0.2414
84a.jpg,0.3529,0.9286,0.375,0.3793
84b.jpg,0.3529,0.9286,0.375,0.3793
84c.jpg,0.3529,0.9286,0.375,0.3793
84d.jpg,0.3529,0.9286,0.375,0.3793
84e.jpg,0.3529,0.9286,0.375,0.3793
84h.jpg,0.3529,0.9286,0.375,0.3793
84i.jpg,0.3529,0.9286,0.375,0.3793
84r.jpg,0.3529,0.9286,0.375,0.3793
84t.jpg,0.3529,0.9286,0.375,0.3793
85a.jpg,0.2353,0.7429,0.4375,0.2241
85b.jpg,0.2353,0.7429,0.4375,0.2241
85c.jpg,0.2353,0.7429,0.4375,0.2241
85d.jpg,0.2353,0.7429,0.4375,0.2241
85f.jpg,0.2353,0.7429,0.4375,0.2241
85h.jpg,0.2353,0.7429,0.4375,0.2241
85k.jpg,0.2353,0.7429,0.4375,0.2241
85l.jpg,0.2353,0.7429,0.4375,0.2241
85m.jpg,0.2353,0.7429,0.4375,0.2241
86a.jpg,0.5882,0.7143,0.4062,0.1034
86b.jpg,0.5882,0.7143,0.4062,0.1034
86c.jpg,0.5882,0.7143,0.4062,0.1034
86d.jpg,0.5882,0.7143,0.4062,0.1034
86e.jpg,0.5882,0.7143,0.4062,0.1034
86f.jpg,0.5882,0.7143,0.4062,0.1034
86h.jpg,0.5882,0.7143,0.4062,0.1034
86k.jpg,0.5882,0.7143,0.4062,0.1034
86m.jpg,0.5882,0.7143,0.4062,0.1034
86n.jpg,0.5882,0.7143,0.4062,0.1034
86p.jpg,0.5882,0.7143,0.4062,0.1034
87a.jpg,0.4706,0.9286,0.4375,0.3448
87b.jpg,0.4706,0.9286,0.4375,0.3448
87c.jpg,0.4706,0.9286,0.4375,0.3448
87d.jpg,0.4706,0.9286,0.4375,0.3448
87e.jpg,0.4706,0.9286,0.4375,0.3448
87f.jpg,0.4706,0.9286,0.4375,0.3448
87g.jpg,0.4706,0.9286,0.4375,0.3448
87k.jpg,0.4706,0.9286,0.4375,0.3448
87l.jpg,0.4706,0.9286,0.4375,0.3448
87m.jpg,0.4706,0.9286,0.4375,0.3448
87n.jpg,0.4706,0.9286,0.4375,0.3448
88a.jpg,0.5882,0.8571,0.4062,0.3276
88b.jpg,0.5882,0.8571,0.4062,0.3276
88c.jpg,0.5882,0.8571,0.4062,0.3276
88d.jpg,0.5882,0.8571,0.4062,0.3276
88e.jpg,0.5882,0.8571,0.4062,0.3276
88f.jpg,0.5882,0.8571,0.4062,0.3276
88h.jpg,0.5882,0.8571,0.4062,0.3276
88k.jpg,0.5882,0.8571,0.4062,0.3276
88l.jpg,0.5882,0.8571,0.4062,0.3276
88m.jpg,0.5882,0.8571,0.4062,0.3276
88n.jpg,0.5882,0.8571,0.4062,0.3276
88t.jpg,0.5882,0.8571,0.4062,0.3276
89a.jpg,0.4706,0.7143,0.2812,0.4138
89b.jpg,0.4706,0.7143,0.2812,0.4138
89c.jpg,0.4706,0.7143,0.2812,0.4138
89d.jpg,0.4706,0.7143,0.2812,0.4138
89h.jpg,0.4706,0.7143,0.2812,0.4138
89j.jpg,0.4706,0.7143,0.2812,0.4138
89l.jpg,0.4706,0.7143,0.2812,0.4138
89m.jpg,0.4706,0.7143,0.2812,0.4138
89n.jpg,0.4706,0.7143,0.2812,0.4138
90a.jpg,0.3529,0.7857,0.4688,0.2759
90b.jpg,0.3529,0.7857,0.4688,0.2759
90c.jpg,0.3529,0.7857,0.4688,0.2759
90d.jpg,0.3529,0.7857,0.4688,0.2759
90k.jpg,0.3529,0.7857,0.4688,0.2759
90l.jpg,0.3529,0.7857,0.4688,0.2759
90m.jpg,0.3529,0.7857,0.4688,0.2759
90n.jpg,0.3529,0.7857,0.4688,0.2759
90y.jpg,0.3529,0.7857,0.4688,0.2759
91a.jpg,0.2353,0.8571,0.4062,0.3966
91b.jpg,0.2353,0.8571,0.4062,0.3966
91c.jpg,0.2353,0.8571,0.4062,0.3966
91d.jpg,0.2353,0.8571,0.4062,0.3966
91h.jpg,0.2353,0.8571,0.4062,0.3966
91k.jpg,0.2353,0.8571,0.4062,0.3966
91m.jpg,0.2353,0.8571,0.4062,0.3966
91n.jpg,0.2353,0.8571,0.4062,0.3966
91z.jpg,0.2353,0.8571,0.4062,0.3966
92a.jpg,0.5882,0.5714,0.3125,0.2241
92b.jpg,0.5882,0.5714,0.3125,0.2241
92c.jpg,0.5882,0.5714,0.3125,0.2241
92d.jpg,0.5882,0.5714,0.3125,0.2241
92e.jpg,0.5882,0.5714,0.3125,0.2241
92f.jpg,0.5882,0.5714,0.3125,0.2241
92g.jpg,0.5882,0.5714,0.3125,0.2241
92h.jpg,0.5882,0.5714,0.3125,0.2241
92y.jpg,0.5882,0.5714,0.3125,0.2241
93a.jpg,0.5882,0.6714,0.4062,0.4483
93b.jpg,0.5882,0.6714,0.4062,0.4483
93c.jpg,0.5882,0.6714,0.4062,0.4483
93d.jpg,0.5882,0.6714,0.4062,0.4483
93e.jpg,0.5882,0.6714,0.4062,0.4483
93f.jpg,0.5882,0.6714,0.4062,0.4483
93g.jpg,0.5882,0.6714,0.4062,0.4483
93k.jpg,0.5882,0.6714,0.4062,0.4483
93m.jpg,0.5882,0.6714,0.4062,0.4483
94a.jpg,0.5882,0.5286,0.4062,0.3448
94b.jpg,0.5882,0.5286,0.4062,0.3448
94c.jpg,0.5882,0.5286,0.4062,0.3448
94d.jpg,0.5882,0.5286,0.4062,0.3448
94e.jpg,0.5882,0.5286,0.4062,0.3448
94f.jpg,0.5882,0.5286,0.4062,0.3448
94g.jpg,0.5882,0.5286,0.4062,0.3448
94h.jpg,0.5882,0.5286,0.4062,0.3448
94k.jpg,0.5882,0.5286,0.4062,0.3448
94m.jpg,0.5882,0.5286,0.4062,0.3448
95a.jpg,0.0,0.7143,0.2812,0.2241
95b.jpg,0.0,0.7143,0.2812,0.2241
95c.jpg,0.0,0.7143,0.2812,0.2241
95d.jpg,0.0,0.7143,0.2812,0.2241
95e.jpg,0.0,0.7143,0.2812,0.2241
95f.jpg,0.0,0.7143,0.2812,0.2241
95g.jpg,0.0,0.7143,0.2812,0.2241
95m.jpg,0.0,0.7143,0.2812,0.2241
96a.jpg,0.2353,0.3143,0.4375,0.2414
96b.jpg,0.2353,0.3143,0.4375,0.2414
96c.jpg,0.2353,0.3143,0.4375,0.2414
96g.jpg,0.2353,0.3143,0.4375,0.2414
96h.jpg,0.2353,0.3143,0.4375,0.2414
96j.jpg,0.2353,0.3143,0.4375,0.2414
96l.jpg,0.2353,0.3143,0.4375,0.2414
96m.jpg,0.2353,0.3143,0.4375,0.2414
96n.jpg,0.2353,0.3143,0.4375,0.2414
96t.jpg,0.2353,0.3143,0.4375,0.2414
97a.jpg,0.2353,0.9286,0.25,0.1379
97b.jpg,0.2353,0.9286,0.25,0.1379
97c.jpg,0.2353,0.9286,0.25,0.1379
97d.jpg,0.2353,0.9286,0.25,0.1379
97e.jpg,0.2353,0.9286,0.25,0.1379
97f.jpg,0.2353,0.9286,0.25,0.1379
97k.jpg,0.2353,0.9286,0.25,0.1379
97m.jpg,0.2353,0.9286,0.25,0.1379
98a.jpg,0.4706,0.5714,0.375,0.3966
98b.jpg,0.4706,0.5714,0.375,0.3966
98c.jpg,0.4706,0.5714,0.375,0.3966
98d.jpg,0.4706,0.5714,0.375,0.3966
98e.jpg,0.4706,0.5714,0.375,0.3966
98f.jpg,0.4706,0.5714,0.375,0.3966
98g.jpg,0.4706,0.5714,0.375,0.3966
98h.jpg,0.4706,0.5714,0.375,0.3966
98i.jpg,0.4706,0.5714,0.375,0.3966
98m.jpg,0.4706,0.5714,0.375,0.3966
99a.jpg,0.9412,0.7143,0.3438,0.3103
99b.jpg,0.9412,0.7143,0.3438,0.3103
99c.jpg,0.9412,0.7143,0.3438,0.3103
99d.jpg,0.9412,0.7143,0.3438,0.3103
99e.jpg,0.9412,0.7143,0.3438,0.3103
99f.jpg,0.9412,0.7143,0.3438,0.3103
99g.jpg,0.9412,0.7143,0.3438,0.3103
99h.jpg,0.9412,0.7143,0.3438,0.3103
99k.jpg,0.9412,0.7143,0.3438,0.3103
99m.jpg,0.9412,0.7143,0.3438,0.3103
99n.jpg,0.9412,0.7143,0.3438,0.3103
